W,L,W-L%,Tm,#Bat,BatAge,R/G,G,PA,AB,R,H,2B,3B,HR,RBI,SB,CS,BB,SO,BA,OBP,SLG,OPS,OPS+,TB,GDP,HBP,SH,SF,IBB,LOB,Tm,rOBA,Rbat+,BAbip,ISO,HR%,SO%,BB%,EV,HardH%,LD%,GB%,FB%,GB/FB,Pull%,Cent%,Oppo%,WPA,cWPA,RE24,RS%,SB%,XBT%,Tm,R/G,Outs,RC,RC/G,AIR,BAbip,BA,lgBA,OBP,lgOBP,SLG,lgSLG,OPS,lgOPS,OPS+,OWn%,BtRuns,BtWins,TotA,SecA,ISO,PwrSpd,year
79,83,.488,Arizona Diamondbacks,50,26.5,4.44,162,6276,5649,720,1494,289,48,154,680,132,44,490,1312,.264,.324,.414,.738,97,2341,134,33,46,57,40,1153,Arizona Diamondbacks,.332,96,.316,.150,2.5%,20.9%,7.8%,89.0,39.2%,29.1%,47.1%,16.1%,0.94,24.9%,54.5%,20.6%,-2.0,-1.1%,24.2,30%,75%,40%,Arizona Diamondbacks,4.44,4436,796,4.8,103,.316,.264,.266,.324,.331,.414,.419,.738,.749,97,.54,-28.2,-3.2,.691,.252,.150,142.2,2015
67,95,.414,Atlanta Braves,60,28.8,3.54,162,6034,5420,573,1361,251,18,100,548,69,33,471,1107,.251,.314,.359,.674,87,1948,148,44,67,31,39,1145,Atlanta Braves,.306,86,.297,.108,1.7%,18.4%,7.8%,87.1,34.3%,25.7%,48.9%,17.6%,1.01,25.9%,53.5%,20.6%,-6.9,-2.6%,-84.4,26%,68%,40%,Atlanta Braves,3.54,4338,623,3.9,97,.297,.251,.257,.314,.320,.359,.404,.674,.725,87,.438,-90.2,-9.3,.597,.202,.108,81.7,2015
81,81,.500,Baltimore Orioles,48,27.9,4.40,162,6007,5485,713,1370,246,20,217,686,44,25,418,1331,.250,.307,.421,.728,97,2307,127,51,20,32,23,990,Baltimore Orioles,.322,96,.291,.171,3.6%,22.2%,7.0%,89.3,40.6%,26.5%,43.5%,21.2%,0.79,30.1%,52.1%,17.8%,-3.7,-3.9%,10.6,30%,64%,37%,Baltimore Orioles,4.40,4319,708,4.4,100,.291,.250,.258,.307,.321,.421,.417,.728,.738,97,.485,-35.4,-3.7,.661,.251,.171,73.2,2015
78,84,.481,Boston Red Sox,51,28.2,4.62,162,6237,5640,748,1495,294,33,161,706,71,27,478,1148,.265,.325,.415,.740,97,2338,127,46,30,42,28,1142,Boston Red Sox,.330,98,.305,.149,2.6%,18.4%,7.7%,89.0,38.2%,23.8%,47.2%,20.9%,0.91,26.4%,54.8%,18.8%,-3.4,-3.2%,23.7,31%,72%,37%,Boston Red Sox,4.62,4371,773,4.7,104,.305,.265,.264,.325,.327,.415,.426,.740,.753,97,.52,-27.9,-3.0,.682,.242,.149,98.5,2015
97,65,.599,Chicago Cubs,50,26.9,4.25,162,6200,5491,689,1341,272,30,171,657,95,37,567,1518,.244,.321,.398,.719,98,2186,101,74,32,35,47,1165,Chicago Cubs,.323,97,.305,.154,2.8%,24.5%,9.2%,88.4,38.2%,26.5%,42.9%,22.2%,0.78,29.6%,52.0%,18.4%,5.0,1.6%,28.3,28%,72%,45%,Chicago Cubs,4.25,4355,748,4.6,98,.305,.244,.258,.321,.322,.398,.406,.719,.728,98,.52,-9.7,-1.3,.681,.268,.154,122.1,2015
76,86,.469,Chicago White Sox,40,28.2,3.84,162,6070,5533,622,1381,260,27,136,595,68,42,404,1231,.250,.306,.380,.686,92,2103,125,65,30,37,22,1065,Chicago White Sox,.307,92,.296,.130,2.2%,20.3%,6.7%,88.1,37.1%,25.8%,48.9%,17.2%,0.99,27.3%,52.3%,20.3%,-8.4,-2.9%,-69.5,28%,62%,37%,Chicago White Sox,3.84,4386,646,3.9,95,.296,.250,.251,.306,.313,.380,.406,.686,.719,92,.437,-62.3,-6.3,.611,.208,.130,90.7,2015
64,98,.395,Cincinnati Reds,50,29.5,3.95,162,6196,5571,640,1382,257,27,167,613,134,38,496,1255,.248,.312,.394,.706,92,2194,112,42,47,40,38,1148,Cincinnati Reds,.319,91,.290,.146,2.7%,20.3%,8.0%,87.0,32.0%,29.1%,43.0%,19.5%,0.79,26.3%,53.7%,20.0%,-11.1,-2.4%,-41.9,27%,78%,33%,Cincinnati Reds,3.95,4426,721,4.4,99,.290,.248,.260,.312,.324,.394,.410,.706,.734,92,.496,-61.3,-6.5,.661,.252,.146,148.7,2015
81,80,.503,Cleveland Indians,49,28.0,4.16,161,6109,5439,669,1395,303,29,141,640,86,28,533,1157,.256,.325,.401,.725,93,2179,134,39,47,50,34,1147,Cleveland Indians,.322,91,.299,.144,2.3%,18.9%,8.7%,88.6,39.6%,26.4%,44.6%,20.1%,0.84,31.1%,51.5%,17.5%,-6.6,-3.1%,-46.4,29%,75%,38%,Cleveland Indians,4.16,4303,731,4.6,104,.299,.256,.264,.325,.327,.401,.426,.725,.753,93,.501,-47.9,-5.0,.675,.253,.144,106.8,2015
68,94,.420,Colorado Rockies,51,28.0,4.55,162,6071,5572,737,1479,274,49,186,702,97,43,388,1283,.265,.315,.432,.748,89,2409,114,33,44,34,47,1016,Colorado Rockies,.332,86,.313,.167,3.1%,21.1%,6.4%,88.7,39.5%,29.4%,44.2%,17.3%,0.82,25.4%,55.3%,19.3%,2.3,0.0%,18.5,32%,69%,46%,Colorado Rockies,4.55,4328,771,4.8,113,.313,.265,.280,.315,.346,.432,.441,.748,.787,89,.536,-102.0,-10.5,.689,.246,.167,127.5,2015
74,87,.460,Detroit Tigers,47,28.3,4.28,161,6159,5605,689,1515,289,49,151,660,83,51,455,1259,.270,.328,.420,.748,105,2355,152,41,23,35,36,1111,Detroit Tigers,.328,105,.322,.150,2.5%,20.4%,7.4%,88.7,39.4%,26.6%,42.8%,23.0%,0.77,24.6%,54.0%,21.4%,-1.2,-1.3%,-13.3,28%,62%,34%,Detroit Tigers,4.28,4351,765,4.7,98,.322,.270,.255,.328,.317,.420,.411,.748,.729,105,.517,40.9,3.9,.683,.237,.150,107.1,2015
86,76,.531,Houston Astros,46,26.3,4.50,162,6073,5459,729,1363,278,26,230,691,121,48,486,1392,.250,.315,.437,.752,107,2383,102,56,28,43,22,1036,Houston Astros,.332,108,.292,.187,3.8%,22.9%,8.0%,89.2,40.3%,25.6%,41.5%,23.6%,0.73,30.7%,50.9%,18.4%,1.2,1.4%,43.4,29%,72%,43%,Houston Astros,4.50,4317,758,4.7,96,.292,.250,.253,.315,.315,.437,.408,.752,.722,107,.517,54.6,5.3,.717,.289,.187,158.6,2015
95,67,.586,Kansas City Royals,45,29.1,4.47,162,6116,5575,724,1497,300,42,139,689,104,34,383,973,.269,.322,.412,.734,98,2298,133,77,34,47,28,1079,Kansas City Royals,.326,97,.301,.144,2.3%,15.9%,6.3%,88.4,38.0%,25.5%,44.7%,21.3%,0.83,27.3%,53.6%,19.2%,4.5,1.8%,13.6,32%,75%,44%,Kansas City Royals,4.47,4326,747,4.6,102,.301,.269,.260,.322,.324,.412,.420,.734,.744,98,.509,-22.4,-2.4,.674,.225,.144,119.0,2015
85,77,.525,Los Angeles Angels of Anaheim,51,28.7,4.08,162,5990,5417,661,1331,243,21,176,621,52,34,435,1150,.246,.307,.396,.702,97,2144,116,58,37,40,34,1013,Los Angeles Angels of Anaheim,.311,97,.280,.150,2.9%,19.2%,7.3%,88.2,35.1%,27.1%,45.1%,19.3%,0.85,27.6%,52.4%,20.1%,-0.6,-0.3%,-13.1,28%,60%,44%,Los Angeles Angels of Anaheim,4.08,4313,676,4.2,93,.280,.246,.249,.307,.310,.396,.402,.702,.713,97,.465,-16.9,-1.9,.635,.234,.150,80.3,2015
92,70,.568,Los Angeles Dodgers,55,29.6,4.12,162,6090,5385,667,1346,263,26,187,638,59,34,563,1258,.250,.326,.413,.739,106,2222,135,60,49,30,31,1121,Los Angeles Dodgers,.329,106,.292,.163,3.1%,20.7%,9.2%,88.9,40.5%,28.4%,43.4%,19.5%,0.80,27.8%,54.0%,18.2%,2.9,2.2%,17.3,27%,63%,37%,Los Angeles Dodgers,4.12,4287,743,4.6,95,.292,.250,.254,.326,.318,.413,.401,.739,.718,106,.524,49.8,4.8,.690,.272,.163,89.7,2015
71,91,.438,Miami Marlins,51,27.9,3.78,162,5988,5463,613,1420,236,40,120,575,112,45,375,1150,.260,.310,.384,.694,93,2096,133,39,71,40,30,1059,Miami Marlins,.311,90,.307,.124,2.0%,19.2%,6.3%,88.6,37.0%,25.1%,51.3%,15.4%,1.13,23.4%,54.5%,22.1%,-3.7,-1.6%,-39.1,28%,71%,39%,Miami Marlins,3.78,4332,663,4.1,96,.307,.260,.256,.310,.319,.384,.402,.694,.721,93,.467,-58.9,-6.1,.621,.205,.124,115.9,2015
68,94,.420,Milwaukee Brewers,49,28.1,4.04,162,6024,5480,655,1378,274,34,145,624,84,29,412,1299,.251,.307,.393,.700,91,2155,130,41,55,34,35,1026,Milwaukee Brewers,.314,88,.303,.142,2.4%,21.6%,6.8%,88.4,37.9%,27.1%,47.2%,17.8%,0.93,24.0%,52.6%,23.4%,-6.8,-1.7%,-17.9,30%,74%,43%,Milwaukee Brewers,4.04,4350,679,4.2,99,.303,.251,.260,.307,.324,.393,.410,.700,.734,91,.476,-77.3,-8.0,.632,.227,.142,106.4,2015
83,79,.512,Minnesota Twins,44,28.2,4.30,162,6017,5467,696,1349,277,44,156,661,70,38,439,1264,.247,.305,.399,.704,92,2182,133,40,30,41,31,993,Minnesota Twins,.313,92,.292,.152,2.6%,21.0%,7.3%,88.5,37.2%,24.2%,44.4%,22.4%,0.83,27.7%,54.0%,18.3%,-1.6,-2.8%,-7.0,32%,65%,37%,Minnesota Twins,4.30,4360,661,4.1,98,.292,.247,.256,.305,.318,.399,.413,.704,.732,92,.45,-60.5,-6.2,.637,.239,.152,96.6,2015
90,72,.556,New York Mets,49,28.6,4.22,162,6145,5527,683,1351,295,17,177,654,51,25,488,1290,.244,.312,.400,.712,96,2211,130,68,29,32,42,1098,New York Mets,.320,97,.287,.156,2.9%,21.0%,7.9%,89.2,39.2%,27.4%,42.3%,21.8%,0.75,27.8%,52.7%,19.5%,0.2,-0.2%,22.4,29%,67%,40%,New York Mets,4.22,4392,708,4.3,97,.287,.244,.257,.312,.320,.400,.404,.712,.725,96,.491,-25.5,-2.8,.651,.249,.156,79.2,2015
87,75,.537,New York Yankees,56,31.4,4.72,162,6268,5567,764,1397,272,19,212,737,63,25,554,1227,.251,.323,.421,.744,102,2343,105,63,24,54,23,1151,New York Yankees,.329,103,.283,.170,3.4%,19.6%,8.8%,88.6,38.6%,25.0%,42.0%,23.4%,0.74,34.4%,50.4%,15.1%,-1.7,-1.0%,58.1,30%,72%,34%,New York Yankees,4.72,4378,785,4.8,99,.283,.251,.257,.323,.320,.421,.415,.744,.735,102,.526,22.5,2.1,.703,.276,.170,97.1,2015
68,94,.420,Oakland Athletics,52,27.9,4.28,162,6171,5600,694,1405,277,46,146,661,78,29,475,1119,.251,.312,.395,.707,96,2212,124,40,14,38,21,1102,Oakland Athletics,.316,96,.288,.144,2.4%,18.1%,7.7%,87.7,34.1%,26.7%,45.6%,19.1%,0.85,29.1%,51.2%,19.7%,-5.2,-1.4%,1.7,31%,73%,36%,Oakland Athletics,4.28,4400,698,4.3,96,.288,.251,.252,.312,.315,.395,.408,.707,.722,96,.47,-28.8,-3.0,.645,.238,.144,101.7,2015
63,99,.389,Philadelphia Phillies,50,28.0,3.86,162,6053,5529,626,1374,272,37,130,586,88,32,387,1274,.249,.303,.382,.684,89,2110,119,54,53,29,20,1066,Philadelphia Phillies,.311,90,.299,.133,2.2%,21.1%,6.4%,87.6,34.3%,28.0%,45.1%,18.0%,0.87,28.7%,54.0%,17.2%,-6.3,-2.1%,-39.5,29%,73%,38%,Philadelphia Phillies,3.86,4388,646,3.9,97,.299,.249,.257,.303,.320,.382,.404,.684,.725,89,.449,-88.6,-9.1,.613,.213,.133,105.0,2015
98,64,.605,Pittsburgh Pirates,46,28.2,4.30,162,6285,5631,697,1462,292,27,140,661,98,45,461,1322,.260,.323,.396,.719,97,2228,115,89,63,41,46,1166,Pittsburgh Pirates,.323,96,.314,.136,2.2%,21.0%,7.3%,88.7,39.9%,26.5%,47.2%,18.7%,0.94,26.3%,55.1%,18.6%,1.7,0.5%,19.1,29%,69%,41%,Pittsburgh Pirates,4.30,4433,749,4.5,98,.314,.260,.259,.323,.323,.396,.408,.719,.731,97,.512,-18.5,-2.1,.664,.227,.136,115.3,2015
74,88,.457,San Diego Padres,46,27.7,4.01,162,6019,5457,650,1324,260,36,148,623,82,29,426,1327,.243,.300,.385,.685,91,2100,108,40,52,42,22,1028,San Diego Padres,.310,91,.292,.142,2.5%,22.1%,7.1%,88.1,37.2%,25.9%,44.5%,20.3%,0.84,28.4%,53.1%,18.5%,-3.7,-1.6%,-11.0,30%,74%,42%,San Diego Padres,4.01,4364,654,4.0,95,.292,.243,.254,.300,.318,.385,.401,.685,.718,91,.457,-70.7,-7.3,.620,.230,.142,105.5,2015
76,86,.469,Seattle Mariners,51,28.6,4.05,162,6131,5544,656,1379,262,22,198,624,69,45,478,1336,.249,.311,.411,.722,101,2279,123,36,38,35,31,1080,Seattle Mariners,.320,103,.292,.162,3.2%,21.8%,7.8%,90.2,43.9%,26.9%,44.3%,20.9%,0.82,29.5%,50.5%,19.9%,-4.4,-2.7%,-34.1,26%,61%,34%,Seattle Mariners,4.05,4406,725,4.4,94,.292,.249,.250,.311,.312,.411,.404,.722,.716,101,.487,12.1,1.0,.661,.253,.162,102.3,2015
84,78,.519,San Francisco Giants,48,28.9,4.30,162,6153,5565,696,1486,288,39,136,663,93,36,457,1159,.267,.326,.406,.732,101,2260,142,49,45,37,30,1130,San Francisco Giants,.328,100,.313,.139,2.2%,18.8%,7.4%,87.9,36.8%,27.7%,47.8%,18.1%,0.95,25.1%,54.0%,20.9%,-0.5,-3.1%,27.7,30%,72%,41%,San Francisco Giants,4.30,4339,750,4.6,98,.313,.267,.259,.326,.323,.406,.408,.732,.731,101,.523,4.4,0.3,.672,.231,.139,110.5,2015
100,62,.617,St. Louis Cardinals,46,28.4,3.99,162,6139,5484,647,1386,288,39,137,619,69,38,506,1267,.253,.321,.394,.716,95,2163,128,66,39,42,47,1152,St. Louis Cardinals,.321,93,.303,.142,2.2%,20.6%,8.2%,88.4,38.8%,26.0%,46.4%,19.7%,0.89,27.6%,52.6%,19.8%,-1.4,1.2%,-25.0,27%,64%,39%,St. Louis Cardinals,3.99,4345,719,4.4,100,.303,.253,.262,.321,.325,.394,.412,.716,.737,95,.503,-39.8,-4.2,.658,.240,.142,91.8,2015
80,82,.494,Tampa Bay Rays,51,28.5,3.98,162,6071,5485,644,1383,278,32,167,612,87,45,436,1310,.252,.314,.406,.720,100,2226,121,84,19,47,22,1075,Tampa Bay Rays,.317,99,.300,.154,2.8%,21.6%,7.2%,88.4,36.4%,25.2%,43.2%,22.4%,0.78,29.8%,51.4%,18.8%,-6.3,-6.6%,-47.0,27%,66%,36%,Tampa Bay Rays,3.98,4334,711,4.4,95,.300,.252,.251,.314,.313,.406,.406,.720,.719,100,.485,7.6,0.6,.664,.241,.154,114.4,2015
88,74,.543,Texas Rangers,57,28.7,4.64,162,6187,5511,751,1419,279,32,172,707,101,39,503,1233,.257,.325,.413,.739,98,2278,99,76,43,54,32,1130,Texas Rangers,.330,98,.300,.156,2.8%,19.9%,8.1%,89.0,40.5%,26.4%,45.4%,18.4%,0.87,30.1%,52.9%,17.1%,3.7,4.4%,45.5,31%,72%,47%,Texas Rangers,4.64,4327,771,4.8,102,.300,.257,.262,.325,.325,.413,.422,.739,.747,98,.523,-13.5,-1.5,.699,.258,.156,127.3,2015
93,69,.574,Toronto Blue Jays,52,29.5,5.50,162,6232,5509,891,1480,308,17,232,852,88,23,570,1151,.269,.340,.457,.797,115,2518,140,54,36,62,12,1057,Toronto Blue Jays,.351,115,.298,.188,3.7%,18.5%,9.2%,89.3,42.0%,24.9%,44.7%,20.5%,0.84,28.8%,53.1%,18.1%,12.1,8.2%,187.5,34%,79%,38%,Toronto Blue Jays,5.50,4290,878,5.5,101,.298,.269,.259,.340,.322,.457,.419,.797,.741,115,.586,119.3,11.6,.771,.304,.188,127.6,2015
83,79,.512,Washington Nationals,44,28.4,4.34,162,6117,5428,703,1363,265,13,177,665,57,23,539,1344,.251,.321,.403,.724,96,2185,129,44,55,51,38,1114,Washington Nationals,.326,96,.300,.151,2.9%,22.0%,8.8%,89.7,43.3%,27.2%,47.1%,17.2%,0.93,26.1%,53.0%,20.9%,0.4,-0.6%,34.2,29%,71%,38%,Washington Nationals,4.34,4323,736,4.6,101,.300,.251,.263,.321,.327,.403,.413,.724,.740,96,.516,-30.7,-3.5,.670,.257,.151,86.2,2015
69,93,.426,Arizona Diamondbacks,50,26.7,4.64,162,6260,5665,752,1479,285,56,190,709,137,31,463,1427,.261,.320,.432,.752,93,2446,117,50,43,38,43,1113,Arizona Diamondbacks,.334,91,.315,.171,3.0%,22.8%,7.4%,89.6,41.5%,26.2%,48.4%,18.6%,0.97,25.1%,52.6%,22.3%,-0.4,-1.0%,2.4,31%,82%,43%,Arizona Diamondbacks,4.64,4415,810,4.9,111,.315,.261,.268,.320,.339,.432,.438,.752,.777,93,.522,-72.0,-7.3,.714,.271,.171,159.2,2016
68,93,.422,Atlanta Braves,60,28.9,4.03,161,6192,5514,649,1404,295,27,122,615,75,34,502,1240,.255,.321,.384,.705,89,2119,145,59,64,52,60,1160,Atlanta Braves,.316,88,.305,.130,2.0%,20.0%,8.1%,88.6,36.4%,27.1%,46.7%,18.0%,0.92,25.7%,52.8%,21.5%,-9.6,-2.0%,-66.0,28%,69%,38%,Atlanta Braves,4.03,4405,706,4.3,103,.305,.255,.258,.321,.328,.384,.422,.705,.749,89,.46,-78.5,-7.9,.642,.228,.130,92.9,2016
89,73,.549,Baltimore Orioles,47,28.5,4.59,162,6089,5524,744,1413,265,6,253,710,19,13,468,1324,.256,.317,.443,.760,101,2449,119,44,17,36,19,1065,Baltimore Orioles,.331,101,.291,.188,4.2%,21.7%,7.7%,90.0,42.6%,23.8%,42.7%,23.8%,0.76,30.4%,50.5%,19.2%,1.6,-0.5%,14.3,29%,59%,39%,Baltimore Orioles,4.59,4296,777,4.8,104,.291,.256,.260,.317,.324,.443,.428,.760,.752,101,.511,4.8,0.4,.702,.273,.188,35.3,2016
93,69,.574,Boston Red Sox,50,28.5,5.42,162,6320,5670,878,1598,343,25,208,836,83,24,558,1160,.282,.348,.461,.810,112,2615,137,43,8,40,34,1162,Boston Red Sox,.354,113,.320,.179,3.3%,18.4%,8.8%,89.9,41.0%,24.7%,44.8%,22.0%,0.82,31.3%,49.5%,19.2%,8.6,8.6%,136.7,33%,78%,43%,Boston Red Sox,5.42,4281,929,5.8,107,.320,.282,.264,.348,.329,.461,.435,.810,.764,112,.594,100.7,9.5,.779,.288,.179,118.7,2016
103,58,.640,Chicago Cubs,45,27.4,4.99,162,6335,5503,808,1409,293,30,199,767,66,34,656,1339,.256,.343,.429,.772,104,2359,107,96,42,37,45,1217,Chicago Cubs,.342,104,.302,.173,3.1%,21.1%,10.4%,88.5,38.5%,26.3%,42.0%,22.2%,0.75,33.1%,49.5%,17.4%,4.3,2.5%,97.5,31%,66%,43%,Chicago Cubs,4.99,4314,857,5.3,106,.302,.256,.262,.343,.332,.429,.427,.772,.759,104,.558,40.5,3.7,.750,.298,.173,99.1,2016
78,84,.481,Chicago White Sox,50,28.3,4.23,162,6131,5550,686,1428,277,33,168,656,77,36,455,1285,.257,.317,.410,.727,99,2275,122,53,29,44,16,1105,Chicago White Sox,.320,99,.304,.153,2.7%,21.0%,7.4%,88.9,37.8%,25.5%,45.7%,20.3%,0.86,29.5%,49.0%,21.5%,-1.5,-2.4%,-33.9,29%,68%,41%,Chicago White Sox,4.23,4353,726,4.5,99,.304,.257,.253,.317,.316,.410,.416,.727,.733,99,.474,-5.6,-0.7,.668,.242,.153,105.6,2016
68,94,.420,Cincinnati Reds,52,27.8,4.42,162,6094,5487,716,1403,277,33,164,678,139,51,452,1284,.256,.316,.408,.724,91,2238,129,52,58,44,37,1014,Cincinnati Reds,.323,89,.303,.152,2.7%,21.1%,7.4%,86.7,31.5%,28.6%,44.0%,19.2%,0.82,27.4%,53.5%,19.1%,-1.0,0.0%,-6.2,31%,73%,37%,Cincinnati Reds,4.42,4366,733,4.5,106,.303,.256,.262,.316,.332,.408,.427,.724,.759,91,.481,-77.9,-7.9,.676,.251,.152,150.5,2016
94,67,.584,Cleveland Indians,48,29.0,4.83,161,6155,5484,777,1435,308,29,185,733,134,31,531,1246,.262,.329,.430,.759,96,2356,137,49,31,60,16,1084,Cleveland Indians,.337,97,.304,.168,3.0%,20.2%,8.6%,89.0,39.0%,27.7%,42.9%,20.7%,0.77,31.4%,50.6%,18.1%,2.3,2.7%,25.7,32%,81%,45%,Cleveland Indians,4.83,4308,801,5.0,110,.304,.262,.267,.329,.333,.430,.440,.759,.773,96,.524,-27.6,-2.8,.728,.284,.168,155.4,2016
75,87,.463,Colorado Rockies,47,27.8,5.22,162,6236,5614,845,1544,318,47,204,805,66,39,494,1330,.275,.336,.457,.794,97,2568,113,40,54,34,35,1089,Colorado Rockies,.347,95,.326,.182,3.3%,21.3%,7.9%,88.7,40.3%,29.3%,43.6%,18.3%,0.81,27.1%,52.7%,20.2%,5.4,1.0%,81.9,34%,63%,44%,Colorado Rockies,5.22,4310,886,5.5,118,.326,.275,.278,.336,.350,.457,.454,.794,.804,97,.573,-36.6,-3.8,.750,.275,.182,99.7,2016
86,75,.534,Detroit Tigers,44,29.9,4.66,161,6127,5526,750,1476,252,30,211,719,58,29,493,1303,.267,.331,.438,.769,106,2421,135,53,17,38,32,1105,Detroit Tigers,.335,106,.312,.171,3.4%,21.3%,8.1%,89.4,40.8%,25.9%,42.1%,24.6%,0.74,26.7%,51.5%,21.8%,2.0,0.7%,29.0,29%,67%,34%,Detroit Tigers,4.66,4269,810,5.1,102,.312,.267,.258,.331,.322,.438,.424,.769,.746,106,.533,46.8,4.3,.718,.265,.171,91.0,2016
84,78,.519,Houston Astros,43,26.4,4.47,162,6204,5545,724,1367,291,29,198,689,102,44,554,1452,.247,.319,.417,.735,103,2310,134,47,27,31,31,1086,Houston Astros,.325,105,.298,.170,3.2%,23.4%,8.9%,88.9,40.7%,24.8%,43.9%,22.7%,0.81,31.3%,51.9%,16.8%,-2.9,-3.3%,7.1,29%,70%,43%,Houston Astros,4.47,4414,753,4.6,97,.298,.247,.250,.319,.314,.417,.412,.735,.726,103,.485,29.2,2.6,.692,.280,.170,134.6,2016
81,81,.500,Kansas City Royals,42,28.5,4.17,162,6052,5552,675,1450,264,33,147,640,121,35,382,1224,.261,.312,.400,.712,90,2221,134,45,38,34,23,1049,Kansas City Royals,.316,88,.309,.139,2.4%,20.2%,6.3%,88.8,39.0%,23.6%,46.5%,20.9%,0.90,26.6%,53.1%,20.3%,-4.8,-2.6%,-60.0,30%,78%,42%,Kansas City Royals,4.17,4343,683,4.2,104,.309,.261,.260,.312,.324,.400,.428,.712,.752,90,.448,-87.4,-8.6,.648,.223,.139,132.7,2016
74,88,.457,Los Angeles Angels,53,28.5,4.43,162,6041,5431,717,1410,279,20,156,686,73,34,471,991,.260,.322,.405,.726,100,2197,147,51,36,49,21,1037,Los Angeles Angels,.322,101,.289,.145,2.6%,16.4%,7.8%,88.7,38.3%,25.0%,45.7%,21.6%,0.86,27.9%,51.0%,21.1%,0.1,-0.7%,13.2,31%,68%,39%,Los Angeles Angels,4.43,4287,720,4.5,98,.289,.260,.252,.322,.315,.405,.414,.726,.730,100,.478,9.1,0.7,.664,.239,.145,99.5,2016
91,71,.562,Los Angeles Dodgers,55,28.9,4.48,162,6164,5518,725,1376,272,21,189,680,45,26,525,1321,.249,.319,.409,.728,95,2257,120,58,30,32,31,1106,Los Angeles Dodgers,.325,96,.294,.160,3.1%,21.4%,8.5%,89.7,41.9%,25.8%,46.3%,20.3%,0.89,28.1%,52.4%,19.5%,1.5,1.5%,17.2,30%,63%,43%,Los Angeles Dodgers,4.48,4350,747,4.6,102,.294,.249,.257,.319,.326,.409,.420,.728,.746,95,.492,-35.3,-3.6,.673,.258,.160,72.7,2016
79,82,.491,Miami Marlins,53,28.3,4.07,161,6134,5547,655,1460,259,42,128,626,71,28,447,1213,.263,.322,.394,.716,96,2187,140,54,46,38,40,1171,Miami Marlins,.321,97,.314,.131,2.1%,19.8%,7.3%,88.7,38.2%,26.5%,48.6%,17.3%,0.99,24.9%,54.2%,21.0%,-1.5,-2.2%,-33.1,28%,72%,39%,Miami Marlins,4.07,4339,720,4.4,99,.314,.263,.252,.322,.321,.394,.412,.716,.733,96,.476,-23.5,-2.5,.648,.219,.131,91.3,2016
73,89,.451,Milwaukee Brewers,50,27.5,4.14,162,6061,5330,671,1299,249,19,194,641,181,56,599,1543,.244,.322,.407,.729,92,2168,131,37,53,39,34,1071,Milwaukee Brewers,.326,90,.304,.163,3.2%,25.5%,9.9%,88.9,39.8%,25.6%,46.4%,19.6%,0.91,25.2%,52.2%,22.5%,-9.2,-1.7%,-49.8,27%,76%,40%,Milwaukee Brewers,4.14,4310,736,4.6,107,.304,.244,.263,.322,.333,.407,.429,.729,.762,92,.489,-65.7,-6.6,.708,.299,.163,187.3,2016
59,103,.364,Minnesota Twins,49,26.9,4.46,162,6245,5618,722,1409,288,35,200,690,91,32,513,1426,.251,.316,.421,.738,98,2367,96,44,27,43,24,1124,Minnesota Twins,.324,97,.300,.171,3.2%,22.8%,8.2%,88.7,39.5%,24.1%,42.3%,24.2%,0.76,30.0%,51.0%,18.9%,-8.8,-1.8%,-21.5,29%,74%,43%,Minnesota Twins,4.46,4407,771,4.7,102,.300,.251,.258,.316,.322,.421,.424,.738,.746,98,.496,-19.5,-2.0,.695,.272,.171,125.1,2016
87,75,.537,New York Mets,46,29.5,4.14,162,6115,5459,671,1342,240,19,218,649,42,18,517,1302,.246,.316,.417,.733,97,2274,123,62,35,41,43,1120,New York Mets,.324,96,.282,.171,3.6%,21.3%,8.5%,88.5,37.7%,26.7%,39.8%,24.0%,0.68,30.1%,52.6%,17.3%,-5.8,-3.9%,-28.5,26%,70%,34%,New York Mets,4.14,4334,738,4.6,101,.282,.246,.256,.316,.325,.417,.418,.733,.742,97,.488,-23.7,-2.4,.680,.270,.171,70.4,2016
84,78,.519,New York Yankees,53,30.1,4.20,162,6059,5458,680,1378,245,20,183,647,72,22,475,1188,.252,.315,.405,.720,91,2212,121,42,21,49,19,1098,New York Yankees,.318,89,.289,.153,3.0%,19.6%,7.8%,88.4,36.7%,24.2%,45.1%,22.3%,0.84,31.5%,52.4%,16.2%,-3.3,-3.7%,-57.8,29%,77%,37%,New York Yankees,4.20,4293,710,4.4,105,.289,.252,.261,.315,.326,.405,.429,.720,.755,91,.471,-73.4,-7.3,.663,.249,.153,103.3,2016
69,93,.426,Oakland Athletics,51,28.7,4.03,162,6022,5500,653,1352,270,21,169,634,50,23,442,1145,.246,.304,.395,.699,91,2171,142,33,13,34,19,1036,Oakland Athletics,.310,91,.280,.149,2.8%,19.0%,7.3%,88.1,36.7%,26.4%,42.6%,22.6%,0.76,29.8%,49.5%,20.8%,-5.7,-1.7%,-61.8,29%,68%,38%,Oakland Athletics,4.03,4360,658,4.0,99,.280,.246,.253,.304,.316,.395,.416,.699,.733,91,.429,-68.3,-6.8,.625,.234,.149,77.2,2016
71,91,.438,Philadelphia Phillies,49,26.9,3.77,162,5992,5434,610,1305,231,35,161,574,96,45,424,1376,.240,.301,.384,.685,82,2089,112,58,46,30,33,1043,Philadelphia Phillies,.307,81,.291,.144,2.7%,23.0%,7.1%,88.6,39.3%,24.9%,46.5%,19.4%,0.92,27.6%,53.2%,19.2%,-7.7,-3.8%,-100.4,27%,68%,39%,Philadelphia Phillies,3.77,4362,636,3.9,104,.291,.240,.259,.301,.329,.384,.424,.685,.752,82,.417,-148.3,-14.7,.622,.232,.144,120.3,2016
78,83,.484,Pittsburgh Pirates,55,28.9,4.50,162,6261,5542,729,1426,277,32,153,696,110,45,561,1334,.257,.332,.402,.734,96,2226,133,81,41,36,39,1173,Pittsburgh Pirates,.330,98,.311,.144,2.4%,21.3%,9.0%,88.3,38.7%,26.0%,46.8%,19.8%,0.91,28.2%,51.1%,20.6%,0.3,-0.8%,10.7,30%,71%,35%,Pittsburgh Pirates,4.50,4371,768,4.7,104,.311,.257,.259,.332,.329,.402,.423,.734,.752,96,.502,-26.2,-2.8,.694,.257,.144,128.0,2016
68,94,.420,San Diego Padres,58,28.1,4.23,162,6001,5419,686,1275,257,26,177,654,125,45,449,1500,.235,.299,.390,.689,86,2115,93,58,36,36,30,965,San Diego Padres,.308,85,.291,.155,3.0%,25.0%,7.5%,87.5,36.0%,25.6%,44.8%,20.3%,0.84,29.4%,51.3%,19.3%,-8.6,-3.7%,-18.5,31%,74%,50%,San Diego Padres,4.23,4354,666,4.1,100,.291,.235,.255,.299,.323,.390,.416,.689,.739,86,.439,-107.0,-10.7,.642,.253,.155,146.5,2016
86,76,.531,Seattle Mariners,54,30.5,4.74,162,6227,5583,768,1446,251,17,223,735,56,28,506,1288,.259,.326,.430,.756,106,2400,138,72,24,41,29,1099,Seattle Mariners,.330,106,.297,.171,3.6%,20.7%,8.1%,89.6,41.6%,25.0%,46.0%,20.0%,0.89,31.7%,49.0%,19.2%,2.1,0.6%,47.7,30%,67%,38%,Seattle Mariners,4.74,4368,793,4.8,99,.297,.259,.253,.326,.316,.430,.416,.756,.733,106,.513,54.7,5.1,.705,.267,.171,89.5,2016
87,75,.537,San Francisco Giants,45,29.2,4.41,162,6271,5565,715,1437,280,54,130,675,79,36,572,1107,.258,.329,.398,.728,97,2215,120,42,42,46,43,1188,San Francisco Giants,.325,97,.299,.140,2.1%,17.7%,9.1%,87.8,36.5%,27.0%,45.1%,19.7%,0.85,28.6%,50.6%,20.8%,-3.3,-3.4%,4.7,30%,69%,39%,San Francisco Giants,4.41,4372,756,4.6,101,.299,.258,.256,.329,.325,.398,.418,.728,.743,97,.495,-17.3,-1.8,.679,.250,.140,98.3,2016
86,76,.531,St. Louis Cardinals,41,28.5,4.81,162,6223,5548,779,1415,299,32,225,745,35,26,526,1318,.255,.325,.442,.767,104,2453,117,70,37,41,28,1113,St. Louis Cardinals,.339,106,.294,.187,3.6%,21.2%,8.5%,89.2,41.1%,25.2%,42.7%,23.9%,0.77,29.5%,51.6%,18.9%,6.5,4.0%,72.2,30%,57%,38%,St. Louis Cardinals,4.81,4354,810,5.0,103,.294,.255,.258,.325,.328,.442,.422,.767,.749,104,.528,31.8,3.0,.721,.284,.187,60.6,2016
68,94,.420,Tampa Bay Rays,48,27.7,4.15,162,6046,5481,672,1333,288,32,216,647,60,37,449,1482,.243,.307,.426,.733,100,2333,88,69,18,28,20,1060,Tampa Bay Rays,.319,100,.293,.182,3.6%,24.5%,7.4%,89.7,41.5%,23.2%,41.4%,25.5%,0.72,33.6%,47.4%,19.0%,-8.9,-1.7%,-43.0,28%,62%,40%,Tampa Bay Rays,4.15,4319,726,4.5,98,.293,.243,.252,.307,.315,.426,.414,.733,.730,100,.478,1.8,0.1,.681,.269,.182,93.9,2016
95,67,.586,Texas Rangers,52,28.4,4.72,162,6089,5525,765,1446,257,23,215,746,99,36,436,1220,.262,.322,.433,.755,96,2394,114,70,18,40,23,1038,Texas Rangers,.332,96,.298,.172,3.5%,20.0%,7.2%,89.3,40.2%,24.7%,44.9%,21.3%,0.83,32.1%,49.4%,18.5%,9.4,5.2%,23.2,31%,73%,43%,Texas Rangers,4.72,4287,780,4.9,108,.298,.262,.265,.322,.331,.433,.437,.755,.767,96,.514,-36.4,-3.6,.709,.262,.172,135.6,2016
89,73,.549,Toronto Blue Jays,49,30.0,4.69,162,6233,5479,759,1358,276,18,221,728,54,24,632,1362,.248,.330,.426,.755,101,2333,153,55,26,40,16,1120,Toronto Blue Jays,.332,102,.289,.178,3.6%,21.9%,10.1%,89.6,42.1%,24.4%,43.0%,22.4%,0.77,28.4%,50.4%,21.2%,-1.4,-0.6%,15.5,29%,69%,38%,Toronto Blue Jays,4.69,4364,789,4.8,104,.289,.248,.260,.330,.324,.426,.428,.755,.752,101,.511,14.6,1.2,.715,.299,.178,86.8,2016
95,67,.586,Washington Nationals,43,28.8,4.71,162,6201,5490,763,1403,268,29,203,735,121,39,536,1252,.256,.326,.426,.751,96,2338,102,64,48,63,49,1105,Washington Nationals,.331,94,.293,.170,3.3%,20.2%,8.6%,90.0,42.3%,26.2%,43.5%,21.4%,0.80,28.9%,52.6%,18.5%,4.5,2.6%,42.9,31%,76%,43%,Washington Nationals,4.71,4339,808,5.0,107,.293,.256,.264,.326,.334,.426,.431,.751,.765,96,.529,-31.4,-3.3,.724,.283,.170,151.6,2016
93,69,.574,Arizona Diamondbacks,45,28.3,5.01,162,6224,5525,812,1405,314,39,220,776,103,30,578,1456,.254,.329,.445,.774,94,2457,106,54,39,27,44,1118,Arizona Diamondbacks,.339,93,.306,.190,3.5%,23.4%,9.3%,88.2,40.3%,25.5%,44.8%,22.0%,0.84,27.4%,54.7%,17.9%,0.1,-0.6%,48.4,32%,77%,45%,Arizona Diamondbacks,5.01,4322,845,5.2,116,.306,.254,.270,.329,.344,.445,.452,.774,.796,94,.533,-57.9,-5.8,.750,.308,.190,140.3,2017
72,90,.444,Atlanta Braves,49,28.7,4.52,162,6216,5584,732,1467,289,26,165,706,77,31,474,1184,.263,.326,.412,.738,92,2303,137,66,59,32,57,1127,Atlanta Braves,.325,90,.305,.150,2.7%,19.1%,7.6%,86.8,33.6%,25.5%,46.1%,20.9%,0.90,27.6%,53.5%,19.0%,-1.9,0.1%,-11.8,30%,71%,45%,Atlanta Braves,4.52,4376,772,4.7,109,.305,.263,.261,.326,.334,.412,.437,.738,.771,92,.486,-67.2,-6.7,.681,.243,.150,105.0,2017
75,87,.463,Baltimore Orioles,50,28.6,4.59,162,6140,5650,743,1469,269,12,232,713,32,13,392,1412,.260,.312,.435,.747,100,2458,138,50,10,37,12,1041,Baltimore Orioles,.326,100,.306,.175,3.8%,23.0%,6.4%,88.6,41.1%,25.7%,43.9%,21.6%,0.79,29.3%,52.7%,18.0%,-2.1,-0.1%,-11.1,30%,71%,37%,Baltimore Orioles,4.59,4379,760,4.6,102,.306,.260,.253,.312,.321,.435,.424,.747,.745,100,.481,-6.9,-0.8,.677,.248,.175,56.2,2017
93,69,.574,Boston Red Sox,49,27.3,4.85,162,6338,5669,785,1461,302,19,168,735,106,31,571,1224,.258,.329,.407,.736,92,2305,141,53,9,36,48,1134,Boston Red Sox,.326,91,.300,.149,2.7%,19.3%,9.0%,87.4,36.1%,25.1%,45.4%,20.8%,0.84,27.2%,53.9%,18.9%,-2.4,-1.4%,-6.1,32%,77%,43%,Boston Red Sox,4.85,4425,772,4.7,109,.300,.258,.262,.329,.331,.407,.439,.736,.770,92,.483,-64.2,-6.2,.693,.263,.149,130.0,2017
92,70,.568,Chicago Cubs,47,27.1,5.07,162,6283,5496,822,1402,274,29,223,785,62,31,622,1401,.255,.338,.437,.775,99,2403,134,82,48,32,54,1147,Chicago Cubs,.341,100,.302,.182,3.6%,22.3%,9.9%,87.6,38.8%,24.6%,44.8%,21.8%,0.84,31.9%,51.2%,16.9%,1.8,2.5%,69.7,32%,67%,42%,Chicago Cubs,5.07,4339,840,5.2,111,.302,.255,.265,.338,.338,.437,.443,.775,.781,99,.528,-10.3,-1.2,.744,.301,.182,97.0,2017
67,95,.414,Chicago White Sox,51,26.7,4.36,162,6059,5513,706,1412,256,37,186,670,71,31,401,1397,.256,.314,.417,.731,96,2300,124,76,35,33,17,1055,Chicago White Sox,.322,97,.309,.161,3.1%,23.1%,6.6%,87.1,36.6%,24.4%,46.8%,20.6%,0.91,27.9%,52.5%,19.7%,-6.7,-2.1%,-42.8,30%,70%,39%,Chicago White Sox,4.36,4324,727,4.5,102,.309,.256,.253,.314,.321,.417,.424,.731,.745,96,.467,-33.6,-3.4,.669,.241,.161,102.8,2017
68,94,.420,Cincinnati Reds,47,27.1,4.65,162,6213,5484,753,1390,249,38,219,715,120,39,565,1329,.253,.329,.433,.761,97,2372,116,72,50,42,41,1135,Cincinnati Reds,.334,96,.294,.179,3.5%,21.4%,9.1%,85.5,30.8%,25.1%,42.1%,23.0%,0.76,29.4%,52.3%,18.3%,-6.0,-1.2%,4.2,29%,75%,33%,Cincinnati Reds,4.65,4341,838,5.2,110,.294,.253,.263,.329,.335,.433,.439,.761,.774,97,.527,-30.8,-3.3,.736,.297,.179,155.0,2017
102,60,.630,Cleveland Indians,41,28.0,5.05,162,6234,5511,818,1449,333,29,212,780,88,23,604,1153,.263,.339,.449,.788,104,2476,125,50,23,45,30,1158,Cleveland Indians,.344,103,.295,.186,3.4%,18.5%,9.7%,88.3,39.5%,25.5%,42.9%,23.1%,0.77,31.6%,51.8%,16.6%,-1.3,-2.9%,48.4,31%,79%,38%,Cleveland Indians,5.05,4278,866,5.4,109,.295,.263,.263,.339,.332,.449,.441,.788,.773,104,.551,33.3,3.1,.764,.308,.186,124.4,2017
87,75,.537,Colorado Rockies,41,28.3,5.09,162,6201,5534,824,1510,293,38,192,793,59,34,519,1408,.273,.338,.444,.781,90,2455,143,44,62,41,46,1088,Colorado Rockies,.341,88,.332,.171,3.1%,22.7%,8.4%,86.9,35.4%,25.8%,45.5%,20.9%,0.87,25.8%,54.3%,19.9%,-2.5,-0.9%,30.2,33%,63%,44%,Colorado Rockies,5.09,4304,844,5.2,123,.332,.273,.280,.338,.355,.444,.468,.781,.823,90,.534,-93.8,-9.2,.732,.269,.171,90.3,2017
64,98,.395,Detroit Tigers,49,29.6,4.54,162,6150,5556,735,1435,289,35,187,699,65,34,503,1313,.258,.324,.424,.748,98,2355,128,52,11,27,21,1104,Detroit Tigers,.328,98,.306,.166,3.0%,21.4%,8.2%,87.7,39.0%,27.7%,42.8%,22.8%,0.75,26.7%,52.1%,21.2%,-6.5,-0.6%,-28.2,30%,66%,37%,Detroit Tigers,4.54,4321,768,4.7,105,.306,.258,.257,.324,.326,.424,.432,.748,.758,98,.492,-22.1,-2.3,.695,.262,.166,96.5,2017
101,61,.623,Houston Astros,46,28.8,5.53,162,6271,5611,896,1581,346,20,238,854,98,42,509,1087,.282,.346,.478,.823,123,2681,139,70,11,61,27,1094,Houston Astros,.357,126,.309,.196,3.8%,17.3%,8.1%,88.4,39.3%,24.8%,43.8%,23.0%,0.79,29.1%,53.4%,17.5%,13.6,5.5%,166.7,34%,70%,39%,Houston Astros,5.53,4283,937,5.8,99,.309,.282,.249,.346,.316,.478,.418,.823,.735,123,.586,200.0,18.9,.797,.297,.196,138.8,2017
80,82,.494,Kansas City Royals,49,28.9,4.33,162,6027,5536,702,1436,260,24,193,660,91,31,390,1166,.259,.311,.420,.731,93,2323,160,45,17,37,19,1005,Kansas City Royals,.321,91,.295,.160,3.2%,19.4%,6.5%,87.8,36.6%,27.6%,41.1%,22.4%,0.71,27.5%,53.3%,19.2%,-2.6,-0.8%,-58.0,30%,75%,40%,Kansas City Royals,4.33,4345,713,4.4,105,.295,.259,.257,.311,.326,.420,.432,.731,.758,93,.456,-66.6,-6.6,.664,.242,.160,123.7,2017
80,82,.494,Los Angeles Angels,55,30.0,4.38,162,6073,5415,710,1314,251,14,186,678,136,44,523,1198,.243,.315,.397,.712,92,2151,141,70,17,46,30,1033,Los Angeles Angels,.316,92,.277,.155,3.1%,19.7%,8.6%,87.1,35.8%,23.3%,46.3%,22.5%,0.88,29.7%,53.0%,17.3%,-1.1,-1.8%,-32.0,30%,76%,42%,Los Angeles Angels,4.38,4349,702,4.3,102,.277,.243,.253,.315,.321,.397,.424,.712,.745,92,.448,-56.0,-5.6,.672,.268,.155,157.1,2017
104,58,.642,Los Angeles Dodgers,52,27.9,4.75,162,6191,5408,770,1347,312,20,221,730,77,28,649,1380,.249,.334,.437,.771,104,2362,119,64,31,38,41,1146,Los Angeles Dodgers,.337,104,.293,.188,3.6%,22.3%,10.5%,88.5,40.1%,25.0%,42.8%,24.6%,0.77,29.4%,52.3%,18.3%,6.8,3.7%,47.6,30%,73%,38%,Los Angeles Dodgers,4.75,4277,833,5.2,105,.293,.249,.257,.334,.328,.437,.429,.771,.758,104,.531,40.5,3.7,.749,.317,.188,114.2,2017
77,85,.475,Miami Marlins,43,28.4,4.80,162,6248,5602,778,1497,271,31,194,743,91,30,486,1282,.267,.331,.431,.761,107,2412,119,67,50,41,48,1130,Miami Marlins,.332,107,.313,.163,3.1%,20.5%,7.8%,87.2,35.9%,24.1%,48.7%,18.6%,1.00,26.6%,54.4%,19.0%,4.4,0.1%,65.4,31%,75%,39%,Miami Marlins,4.80,4345,836,5.1,100,.313,.267,.249,.331,.320,.431,.417,.761,.737,107,.525,66.2,6.0,.718,.261,.163,123.9,2017
86,76,.531,Milwaukee Brewers,50,27.4,4.52,162,6135,5467,732,1363,267,22,224,695,128,41,547,1571,.249,.322,.429,.751,94,2346,116,53,42,26,34,1088,Milwaukee Brewers,.330,93,.308,.180,3.7%,25.6%,8.9%,87.2,37.0%,25.2%,45.2%,21.7%,0.86,27.6%,52.7%,19.6%,-0.6,-3.2%,-15.9,29%,76%,35%,Milwaukee Brewers,4.52,4329,783,4.8,110,.308,.249,.263,.322,.335,.429,.439,.751,.774,94,.497,-55.9,-5.5,.721,.296,.180,162.9,2017
85,77,.525,Minnesota Twins,52,27.0,5.03,162,6261,5557,815,1444,286,31,206,781,95,28,593,1342,.260,.334,.434,.768,104,2410,105,46,26,39,26,1147,Minnesota Twins,.337,104,.306,.174,3.3%,21.4%,9.5%,87.7,37.0%,25.6%,41.3%,23.5%,0.73,31.4%,50.8%,17.8%,5.2,3.6%,60.2,32%,77%,42%,Minnesota Twins,5.03,4311,828,5.1,104,.306,.260,.256,.334,.325,.434,.430,.768,.754,104,.527,34.2,3.2,.740,.293,.174,130.0,2017
70,92,.432,New York Mets,52,28.8,4.54,162,6169,5510,735,1379,286,28,224,713,58,23,529,1291,.250,.320,.434,.755,101,2393,118,57,36,37,31,1099,New York Mets,.329,101,.286,.184,3.6%,20.9%,8.6%,87.3,37.0%,25.2%,40.2%,24.8%,0.69,29.1%,53.6%,17.3%,-2.1,-0.7%,13.9,29%,72%,35%,New York Mets,4.54,4345,793,4.9,103,.286,.250,.254,.320,.325,.434,.425,.755,.751,101,.501,7.7,0.6,.711,.286,.184,92.1,2017
91,71,.562,New York Yankees,51,28.6,5.30,162,6354,5594,858,1463,266,23,241,821,90,22,616,1386,.262,.339,.447,.785,105,2498,119,64,18,56,22,1184,New York Yankees,.348,108,.304,.185,3.8%,21.8%,9.7%,87.8,37.0%,25.1%,43.0%,23.2%,0.77,30.1%,52.3%,17.6%,2.7,2.1%,88.9,32%,80%,39%,New York Yankees,5.30,4346,886,5.4,108,.304,.262,.261,.339,.330,.447,.437,.785,.767,105,.554,40.9,3.7,.765,.307,.185,131.1,2017
75,87,.463,Oakland Athletics,54,28.7,4.56,162,6126,5464,739,1344,305,15,234,708,57,22,565,1491,.246,.319,.436,.755,104,2381,129,43,13,40,15,1075,Oakland Athletics,.330,105,.294,.190,3.8%,24.3%,9.2%,88.7,40.1%,27.2%,38.3%,25.8%,0.63,28.5%,52.5%,19.0%,4.9,-1.0%,3.4,29%,72%,35%,Oakland Athletics,4.56,4324,774,4.8,100,.294,.246,.251,.319,.318,.436,.420,.755,.738,104,.495,40.6,3.8,.713,.300,.190,91.7,2017
66,96,.407,Philadelphia Phillies,51,26.6,4.26,162,6133,5535,690,1382,287,36,174,654,59,25,494,1417,.250,.315,.409,.723,89,2263,128,47,21,36,25,1079,Philadelphia Phillies,.320,90,.304,.159,2.8%,23.1%,8.1%,87.7,37.3%,25.4%,45.5%,20.7%,0.86,28.1%,51.9%,20.0%,-8.5,-1.3%,-49.8,29%,70%,37%,Philadelphia Phillies,4.26,4363,728,4.5,107,.304,.250,.259,.315,.331,.409,.433,.723,.764,89,.46,-88.3,-8.6,.665,.255,.159,88.1,2017
75,87,.463,Pittsburgh Pirates,47,28.2,4.12,162,6136,5458,668,1331,249,36,151,635,67,36,519,1213,.244,.318,.386,.704,86,2105,120,88,42,28,39,1129,Pittsburgh Pirates,.313,86,.286,.142,2.5%,19.8%,8.5%,86.3,33.7%,25.1%,46.6%,20.9%,0.90,26.5%,53.7%,19.9%,-5.1,-1.7%,-70.8,29%,65%,40%,Pittsburgh Pirates,4.12,4353,694,4.3,106,.286,.244,.258,.318,.330,.386,.431,.704,.761,86,.44,-110.4,-10.8,.649,.243,.142,92.8,2017
71,91,.438,San Diego Padres,52,26.2,3.73,162,5954,5356,604,1251,227,31,189,576,89,33,460,1499,.234,.299,.393,.692,83,2107,99,53,52,33,20,1037,San Diego Padres,.306,82,.287,.160,3.2%,25.2%,7.7%,86.2,33.3%,24.4%,42.1%,21.4%,0.77,29.5%,52.1%,18.4%,-6.9,-2.0%,-129.6,26%,73%,43%,San Diego Padres,3.73,4322,649,4.0,104,.287,.234,.255,.299,.327,.393,.427,.692,.754,83,.413,-132.5,-12.9,.639,.256,.160,121.0,2017
78,84,.481,Seattle Mariners,61,29.5,4.63,162,6166,5551,750,1436,281,17,200,714,89,35,487,1267,.259,.325,.424,.749,103,2351,131,78,14,35,31,1084,Seattle Mariners,.328,103,.300,.165,3.2%,20.6%,7.9%,88.2,38.4%,24.9%,44.0%,22.7%,0.80,28.4%,54.1%,17.6%,1.2,-0.3%,9.5,30%,72%,37%,Seattle Mariners,4.63,4330,777,4.8,100,.300,.259,.250,.325,.318,.424,.420,.749,.738,103,.496,31.7,2.9,.702,.262,.165,123.2,2017
64,98,.395,San Francisco Giants,49,29.5,3.94,162,6137,5551,639,1382,290,28,128,612,76,34,467,1204,.249,.309,.380,.689,81,2112,136,36,31,52,37,1093,San Francisco Giants,.305,79,.294,.132,2.1%,19.6%,7.6%,86.9,33.6%,24.0%,46.5%,20.7%,0.90,27.1%,53.7%,19.1%,-14.3,-2.9%,-116.1,29%,69%,41%,San Francisco Giants,3.94,4422,669,4.0,107,.294,.249,.259,.309,.331,.380,.433,.689,.764,81,.416,-151.6,-14.7,.620,.223,.132,95.4,2017
83,79,.512,St. Louis Cardinals,48,28.0,4.70,162,6219,5470,761,1402,284,28,196,728,81,31,593,1348,.256,.334,.426,.760,99,2330,139,65,47,44,36,1118,St. Louis Cardinals,.334,99,.304,.170,3.2%,21.7%,9.5%,87.4,37.5%,25.8%,42.6%,23.1%,0.77,28.3%,54.4%,17.3%,-2.4,-2.0%,19.0,30%,72%,40%,St. Louis Cardinals,4.70,4329,808,5.0,107,.304,.256,.259,.334,.331,.426,.433,.760,.764,99,.511,-0.1,-0.2,.724,.287,.170,114.6,2017
80,82,.494,Tampa Bay Rays,53,28.3,4.28,162,6147,5478,694,1340,226,32,228,671,88,34,545,1538,.245,.317,.422,.739,99,2314,115,55,16,48,33,1114,Tampa Bay Rays,.321,98,.296,.178,3.7%,25.0%,8.9%,87.5,38.5%,23.9%,43.1%,23.5%,0.78,29.7%,52.3%,17.9%,-5.3,-3.5%,-53.9,27%,72%,40%,Tampa Bay Rays,4.28,4351,744,4.6,101,.296,.245,.252,.317,.319,.422,.422,.739,.741,99,.474,-3.7,-0.5,.700,.287,.178,127.0,2017
78,84,.481,Texas Rangers,51,28.3,4.93,162,6122,5430,799,1326,255,21,237,756,113,44,544,1493,.244,.320,.430,.750,91,2334,110,81,27,39,18,1015,Texas Rangers,.329,90,.291,.186,3.9%,24.4%,8.9%,88.0,39.0%,23.5%,43.1%,24.1%,0.78,32.3%,51.7%,16.1%,-1.6,-1.1%,12.9,32%,72%,44%,Texas Rangers,4.93,4324,767,4.7,113,.291,.244,.267,.320,.337,.430,.448,.750,.785,91,.491,-82.8,-8.1,.721,.299,.186,153.0,2017
76,86,.469,Toronto Blue Jays,60,30.9,4.28,162,6154,5499,693,1320,269,5,222,661,53,24,542,1327,.240,.312,.412,.724,91,2265,153,51,25,35,12,1064,Toronto Blue Jays,.318,90,.276,.172,3.6%,21.6%,8.8%,87.6,38.0%,23.7%,43.7%,23.5%,0.79,28.0%,54.0%,17.9%,-7.9,-2.5%,-83.8,27%,69%,35%,Toronto Blue Jays,4.28,4416,717,4.3,105,.276,.240,.257,.312,.326,.412,.432,.724,.758,91,.451,-71.8,-7.1,.668,.276,.172,85.6,2017
97,65,.599,Washington Nationals,49,29.2,5.06,162,6214,5553,819,1477,311,31,215,796,108,30,542,1327,.266,.332,.449,.782,99,2495,116,31,43,45,56,1101,Washington Nationals,.341,98,.311,.183,3.5%,21.4%,8.7%,88.4,40.3%,25.4%,43.3%,22.9%,0.79,28.3%,53.0%,18.7%,3.4,4.6%,74.2,32%,78%,41%,Washington Nationals,5.06,4310,872,5.4,112,.311,.266,.266,.332,.339,.449,.445,.782,.784,99,.548,-12.4,-1.5,.752,.295,.183,143.8,2017
82,80,.506,Arizona Diamondbacks,49,29.2,4.28,162,6157,5460,693,1283,259,50,176,658,79,25,560,1460,.235,.310,.397,.707,86,2170,110,52,38,45,36,1086,Arizona Diamondbacks,.317,84,.286,.162,2.9%,23.7%,9.1%,88.5,38.2%,25.5%,43.3%,22.6%,0.79,29.4%,52.4%,18.2%,-2.5,-2.1%,-30.1,30%,76%,45%,Arizona Diamondbacks,4.28,4395,716,4.4,106,.286,.235,.259,.310,.333,.397,.426,.707,.760,86,.48,-116.8,-11.8,.663,.275,.162,109.1,2018
90,72,.556,Atlanta Braves,58,27.3,4.69,162,6251,5582,759,1433,314,29,175,717,90,36,511,1290,.257,.324,.417,.742,98,2330,99,66,49,43,53,1143,Atlanta Braves,.330,98,.302,.161,2.8%,20.6%,8.2%,88.2,36.5%,26.0%,42.3%,23.1%,0.76,30.8%,51.1%,18.1%,2.5,2.3%,54.7,31%,71%,44%,Atlanta Braves,4.69,4376,800,4.9,103,.302,.257,.255,.324,.328,.417,.419,.742,.747,98,.533,-13.5,-1.6,.700,.262,.161,118.9,2018
47,115,.290,Baltimore Orioles,56,28.4,3.84,162,6034,5507,622,1317,242,15,188,593,81,22,422,1412,.239,.298,.391,.689,89,2153,132,57,13,35,19,1027,Baltimore Orioles,.305,88,.286,.152,3.1%,23.4%,7.0%,88.7,38.9%,24.0%,44.2%,22.9%,0.81,27.4%,53.0%,19.7%,-19.2,-1.8%,-115.5,27%,79%,41%,Baltimore Orioles,3.84,4392,650,4.0,98,.286,.239,.248,.298,.316,.391,.413,.689,.729,89,.429,-89.0,-8.9,.625,.239,.152,113.2,2018
108,54,.667,Boston Red Sox,44,27.7,5.41,162,6302,5623,876,1509,355,31,208,829,125,31,569,1253,.268,.339,.453,.792,112,2550,130,55,7,48,38,1124,Boston Red Sox,.350,113,.309,.185,3.3%,19.9%,9.0%,90.3,43.2%,25.2%,43.7%,23.5%,0.78,29.5%,51.9%,18.6%,15.0,6.8%,136.0,34%,80%,37%,Boston Red Sox,5.41,4330,905,5.6,103,.309,.268,.254,.339,.324,.453,.424,.792,.748,112,.585,96.0,9.0,.772,.303,.185,156.2,2018
95,68,.583,Chicago Cubs,50,27.2,4.67,163,6369,5624,761,1453,286,34,167,722,66,38,576,1388,.258,.333,.410,.744,97,2308,107,78,40,46,67,1224,Chicago Cubs,.330,96,.313,.152,2.6%,21.8%,9.0%,89.0,40.3%,25.4%,45.8%,20.1%,0.88,29.2%,52.1%,18.7%,0.3,-2.6%,44.1,30%,63%,43%,Chicago Cubs,4.67,4402,806,4.9,105,.313,.258,.258,.333,.332,.410,.424,.744,.756,97,.534,-22.4,-2.4,.702,.259,.152,94.6,2018
62,100,.383,Chicago White Sox,51,26.5,4.05,162,6071,5523,656,1332,259,40,182,639,98,41,425,1594,.241,.302,.401,.703,93,2217,99,66,24,32,18,1050,Chicago White Sox,.311,92,.304,.160,3.0%,26.3%,7.0%,88.6,39.4%,25.3%,44.8%,21.6%,0.83,28.1%,52.7%,19.3%,-9.2,-2.1%,-80.4,28%,71%,41%,Chicago White Sox,4.05,4387,678,4.1,98,.304,.241,.248,.302,.316,.401,.413,.703,.729,93,.448,-63.5,-6.3,.648,.248,.160,127.4,2018
67,95,.414,Cincinnati Reds,53,27.2,4.30,162,6240,5532,696,1404,251,25,172,665,77,33,559,1376,.254,.328,.401,.729,95,2221,128,65,49,35,35,1179,Cincinnati Reds,.325,93,.307,.148,2.8%,22.1%,9.0%,87.3,34.3%,27.0%,40.4%,23.7%,0.71,27.6%,53.2%,19.2%,-6.5,-1.9%,-15.0,28%,70%,35%,Cincinnati Reds,4.30,4373,758,4.7,104,.307,.254,.256,.328,.330,.401,.421,.729,.750,95,.509,-42.0,-4.4,.681,.257,.148,106.4,2018
91,71,.562,Cleveland Indians,49,29.4,5.05,162,6300,5595,818,1447,297,19,216,786,135,36,554,1189,.259,.332,.434,.766,106,2430,98,80,25,44,32,1147,Cleveland Indians,.339,106,.291,.176,3.4%,18.9%,8.8%,89.1,40.2%,26.3%,40.5%,24.3%,0.70,30.6%,52.8%,16.6%,-0.9,0.7%,73.3,31%,79%,41%,Cleveland Indians,5.05,4351,847,5.2,102,.291,.259,.253,.332,.323,.434,.422,.766,.745,106,.553,46.8,4.4,.747,.292,.176,166.2,2018
91,72,.558,Colorado Rockies,41,28.7,4.79,163,6178,5541,780,1418,280,42,210,748,95,33,507,1397,.256,.322,.435,.757,90,2412,114,51,42,37,38,1067,Colorado Rockies,.337,89,.304,.179,3.4%,22.6%,8.2%,89.2,40.4%,24.9%,45.5%,21.9%,0.87,26.9%,53.7%,19.5%,5.9,2.8%,30.4,32%,74%,47%,Colorado Rockies,4.79,4349,807,5.0,116,.304,.256,.272,.322,.348,.435,.447,.757,.795,90,.54,-94.3,-9.6,.718,.282,.179,130.8,2018
64,98,.395,Detroit Tigers,49,27.9,3.89,162,6029,5494,630,1326,284,35,135,597,70,30,428,1341,.241,.300,.380,.680,83,2085,110,52,15,40,18,1071,Detroit Tigers,.304,83,.293,.138,2.2%,22.2%,7.1%,87.8,36.5%,26.2%,42.5%,21.8%,0.76,28.5%,51.8%,19.7%,-10.8,-3.5%,-113.6,29%,70%,39%,Detroit Tigers,3.89,4363,640,3.9,102,.293,.241,.253,.300,.323,.380,.422,.680,.745,83,.425,-137.0,-13.7,.612,.223,.138,92.2,2018
103,59,.636,Houston Astros,41,28.2,4.92,162,6146,5453,797,1390,278,18,205,763,71,26,565,1197,.255,.329,.425,.754,106,2319,156,61,14,45,19,1052,Houston Astros,.333,107,.289,.170,3.3%,19.5%,9.2%,88.3,37.8%,24.2%,42.0%,24.4%,0.74,29.8%,54.0%,16.1%,3.2,3.1%,74.5,32%,73%,39%,Houston Astros,4.92,4304,772,4.8,98,.289,.255,.249,.329,.318,.425,.415,.754,.732,106,.516,52.6,5.0,.710,.282,.170,105.5,2018
58,104,.358,Kansas City Royals,49,28.6,3.94,162,6063,5505,638,1350,283,29,155,606,117,38,427,1310,.245,.305,.392,.697,90,2156,123,67,24,40,13,1063,Kansas City Royals,.311,89,.293,.146,2.6%,21.6%,7.0%,88.4,37.9%,25.8%,41.2%,24.3%,0.72,28.8%,52.8%,18.5%,-14.3,-2.3%,-103.5,29%,75%,41%,Kansas City Royals,3.94,4380,672,4.1,99,.293,.245,.250,.305,.319,.392,.417,.697,.735,90,.445,-81.2,-8.2,.641,.238,.146,133.3,2018
80,82,.494,Los Angeles Angels,60,29.6,4.45,162,6108,5472,721,1323,249,23,214,690,89,22,514,1300,.242,.313,.413,.726,99,2260,111,73,7,39,38,1071,Los Angeles Angels,.320,98,.277,.171,3.5%,21.3%,8.4%,88.6,39.7%,25.3%,41.6%,24.2%,0.72,31.0%,52.8%,16.2%,-0.4,-0.3%,-4.6,29%,80%,42%,Los Angeles Angels,4.45,4328,751,4.6,98,.277,.242,.248,.313,.316,.413,.413,.726,.729,99,.501,-7.8,-1.1,.686,.277,.171,125.7,2018
92,71,.564,Los Angeles Dodgers,52,28.1,4.93,163,6358,5572,804,1394,296,33,235,756,75,24,647,1436,.250,.333,.442,.774,109,2461,119,61,39,39,47,1163,Los Angeles Dodgers,.344,111,.294,.191,3.7%,22.6%,10.2%,89.6,41.5%,25.2%,40.3%,25.2%,0.69,29.4%,52.7%,17.9%,2.4,5.9%,100.7,30%,76%,45%,Los Angeles Dodgers,4.93,4399,861,5.3,100,.294,.250,.252,.333,.324,.442,.413,.774,.737,109,.564,77.6,7.4,.751,.317,.191,113.7,2018
63,98,.391,Miami Marlins,51,27.5,3.66,161,6083,5488,589,1303,222,24,128,554,45,31,455,1384,.237,.303,.357,.659,83,1957,119,73,32,31,26,1123,Miami Marlins,.301,85,.293,.119,2.1%,22.8%,7.5%,87.6,35.3%,24.6%,47.3%,19.4%,0.93,25.4%,55.7%,18.9%,-10.5,-1.7%,-91.0,27%,59%,40%,Miami Marlins,3.66,4398,612,3.7,97,.293,.237,.247,.303,.319,.357,.406,.659,.724,83,.409,-127.7,-12.9,.584,.205,.119,66.6,2018
96,67,.589,Milwaukee Brewers,53,28.8,4.63,163,6210,5542,754,1398,252,24,218,711,124,32,537,1458,.252,.323,.424,.747,99,2352,128,58,29,41,32,1106,Milwaukee Brewers,.335,100,.302,.172,3.5%,23.5%,8.7%,89.0,41.0%,24.5%,45.8%,21.8%,0.87,26.5%,54.4%,19.1%,7.4,6.5%,46.7,30%,79%,39%,Milwaukee Brewers,4.63,4374,795,4.9,104,.302,.252,.256,.323,.330,.424,.421,.747,.750,99,.53,-16.2,-1.9,.714,.286,.172,158.1,2018
78,84,.481,Minnesota Twins,54,28.2,4.56,162,6154,5526,738,1379,317,22,166,704,47,27,534,1328,.250,.318,.405,.723,96,2238,89,37,19,38,25,1087,Minnesota Twins,.317,94,.298,.155,2.7%,21.6%,8.7%,88.2,37.2%,25.2%,40.2%,25.2%,0.68,30.2%,52.1%,17.7%,-0.7,-2.4%,-0.2,32%,64%,46%,Minnesota Twins,4.56,4320,733,4.5,100,.298,.250,.251,.318,.320,.405,.418,.723,.738,96,.491,-28.1,-2.9,.670,.256,.155,73.3,2018
77,85,.475,New York Mets,56,28.3,4.17,162,6177,5468,676,1282,265,34,170,649,71,39,566,1404,.234,.312,.389,.701,96,2125,116,73,28,42,36,1104,New York Mets,.315,97,.283,.154,2.8%,22.7%,9.2%,88.0,36.2%,23.7%,41.8%,24.4%,0.73,28.8%,53.2%,18.0%,-7.3,-1.3%,-8.5,29%,65%,44%,New York Mets,4.17,4411,695,4.2,95,.283,.234,.244,.312,.316,.389,.402,.701,.718,96,.465,-22.2,-2.4,.653,.264,.154,100.2,2018
100,62,.617,New York Yankees,49,27.2,5.25,162,6271,5515,851,1374,269,23,267,821,63,21,625,1421,.249,.329,.451,.781,112,2490,107,62,10,59,21,1100,New York Yankees,.341,112,.285,.202,4.3%,22.7%,10.0%,89.8,41.4%,23.3%,41.8%,26.1%,0.73,29.2%,53.2%,17.6%,10.3,5.6%,120.1,32%,75%,41%,New York Yankees,5.25,4338,855,5.3,99,.285,.249,.250,.329,.319,.451,.417,.781,.735,112,.559,93.2,8.9,.759,.323,.202,101.9,2018
97,65,.599,Oakland Athletics,53,28.0,5.02,162,6255,5579,813,1407,322,20,227,778,35,21,550,1381,.252,.325,.439,.764,110,2450,136,76,6,44,18,1085,Oakland Athletics,.334,111,.294,.187,3.6%,22.1%,8.8%,89.9,42.3%,25.6%,40.1%,25.8%,0.67,28.6%,52.7%,18.7%,3.8,0.3%,86.7,32%,63%,45%,Oakland Athletics,5.02,4379,806,4.9,97,.294,.252,.246,.325,.315,.439,.411,.764,.726,110,.528,84.8,8.2,.719,.288,.187,60.6,2018
80,82,.494,Philadelphia Phillies,48,26.7,4.18,162,6136,5424,677,1270,241,30,186,653,69,26,582,1520,.234,.314,.393,.707,89,2129,102,64,32,32,33,1120,Philadelphia Phillies,.316,87,.289,.158,3.0%,24.8%,9.5%,88.6,39.2%,23.2%,42.5%,23.9%,0.76,30.5%,51.2%,18.2%,-5.6,-4.2%,-29.9,28%,73%,38%,Philadelphia Phillies,4.18,4346,709,4.4,104,.289,.234,.256,.314,.330,.393,.421,.707,.750,89,.481,-92.8,-9.3,.664,.274,.158,100.7,2018
82,79,.509,Pittsburgh Pirates,48,27.8,4.30,161,6066,5447,692,1381,290,38,157,665,70,38,474,1229,.254,.317,.407,.725,98,2218,121,59,31,52,38,1071,Pittsburgh Pirates,.321,97,.298,.154,2.6%,20.3%,7.8%,88.4,37.8%,25.1%,43.6%,22.6%,0.80,27.9%,52.0%,20.1%,-1.0,0.1%,9.8,30%,65%,41%,Pittsburgh Pirates,4.30,4308,729,4.6,98,.298,.254,.249,.317,.322,.407,.409,.725,.731,98,.498,-11.8,-1.4,.668,.247,.154,96.8,2018
66,96,.407,San Diego Padres,49,26.8,3.81,162,6059,5486,617,1289,250,30,162,583,95,36,471,1523,.235,.297,.380,.677,88,2085,122,31,35,36,28,1028,San Diego Padres,.303,86,.294,.145,2.7%,25.1%,7.8%,88.7,37.7%,24.0%,46.2%,20.1%,0.89,27.8%,54.0%,18.1%,-9.6,-1.9%,-73.9,28%,73%,39%,San Diego Padres,3.81,4426,637,3.9,96,.294,.235,.246,.297,.317,.380,.404,.677,.721,88,.424,-92.4,-9.3,.616,.242,.145,119.8,2018
89,73,.549,Seattle Mariners,53,29.8,4.18,162,6087,5513,677,1402,256,32,176,644,79,37,430,1221,.254,.314,.408,.722,102,2250,128,70,29,41,17,1084,Seattle Mariners,.318,102,.295,.154,2.9%,20.1%,7.1%,89.1,39.1%,24.5%,45.1%,22.6%,0.85,29.0%,53.0%,18.0%,1.4,0.6%,-36.4,28%,68%,38%,Seattle Mariners,4.18,4346,712,4.4,94,.295,.254,.243,.314,.311,.408,.405,.722,.716,102,.475,15.4,1.4,.662,.239,.154,109.1,2018
73,89,.451,San Francisco Giants,48,29.8,3.72,162,6113,5541,603,1324,255,30,133,573,77,34,448,1467,.239,.300,.368,.667,85,2038,113,49,33,42,40,1101,San Francisco Giants,.299,84,.299,.129,2.2%,24.0%,7.3%,87.6,36.2%,25.6%,44.3%,21.7%,0.82,27.0%,52.8%,20.2%,-8.8,-2.0%,-83.3,28%,69%,40%,San Francisco Giants,3.72,4439,629,3.8,96,.299,.239,.246,.300,.317,.368,.404,.667,.721,85,.417,-107.8,-10.8,.599,.217,.129,97.5,2018
88,74,.543,St. Louis Cardinals,49,28.0,4.69,162,6200,5498,759,1369,248,9,205,725,63,32,525,1380,.249,.321,.409,.730,99,2250,92,80,46,48,40,1101,St. Louis Cardinals,.324,98,.294,.160,3.3%,22.3%,8.5%,88.9,39.9%,24.9%,42.6%,24.0%,0.77,28.1%,53.1%,18.9%,6.6,4.0%,67.0,31%,66%,41%,St. Louis Cardinals,4.69,4347,759,4.7,99,.294,.249,.250,.321,.323,.409,.411,.730,.734,99,.512,-6.1,-0.7,.686,.261,.160,96.4,2018
90,72,.556,Tampa Bay Rays,54,27.1,4.42,162,6195,5475,716,1415,274,43,150,664,128,51,540,1388,.258,.333,.406,.740,105,2225,122,101,28,50,17,1156,Tampa Bay Rays,.328,105,.317,.148,2.4%,22.4%,8.7%,87.8,36.1%,25.2%,45.5%,20.8%,0.86,26.8%,52.2%,21.0%,-3.3,-3.2%,-3.6,29%,72%,40%,Tampa Bay Rays,4.42,4311,766,4.8,97,.317,.258,.246,.333,.315,.406,.411,.740,.726,105,.512,46.9,4.4,.707,.261,.148,138.1,2018
67,95,.414,Texas Rangers,50,27.4,4.55,162,6163,5453,737,1308,266,24,194,696,74,35,555,1484,.240,.318,.404,.722,89,2204,104,88,33,34,16,1093,Texas Rangers,.321,88,.292,.164,3.2%,24.1%,9.0%,88.4,37.4%,24.2%,43.4%,23.3%,0.80,28.7%,53.0%,18.3%,-7.2,-1.7%,-27.4,30%,68%,42%,Texas Rangers,4.55,4351,727,4.5,108,.292,.240,.261,.318,.331,.404,.435,.722,.766,89,.484,-90.0,-9.0,.682,.273,.164,107.1,2018
73,89,.451,Toronto Blue Jays,63,28.9,4.38,162,6076,5477,709,1336,320,16,217,680,47,30,499,1387,.244,.312,.427,.739,102,2339,118,58,5,37,15,1036,Toronto Blue Jays,.324,102,.286,.183,3.6%,22.8%,8.2%,89.8,43.6%,25.0%,41.5%,24.9%,0.71,29.0%,52.3%,18.8%,-0.7,-0.4%,-15.8,29%,61%,35%,Toronto Blue Jays,4.38,4331,728,4.5,98,.286,.244,.248,.312,.316,.427,.413,.739,.729,102,.486,16.5,1.5,.686,.277,.183,77.3,2018
82,80,.506,Washington Nationals,53,27.6,4.76,162,6288,5517,771,1402,284,25,191,737,119,33,631,1289,.254,.335,.419,.753,98,2309,104,59,41,40,56,1180,Washington Nationals,.335,96,.297,.164,3.0%,20.5%,10.0%,88.4,39.0%,25.0%,43.5%,22.0%,0.80,27.7%,53.4%,18.9%,-1.9,-4.1%,55.9,30%,78%,39%,Washington Nationals,4.76,4333,829,5.2,107,.297,.254,.260,.335,.335,.419,.428,.753,.763,98,.554,-15.7,-1.9,.733,.294,.164,146.6,2018
85,77,.525,Arizona Diamondbacks,45,28.7,5.02,162,6315,5633,813,1419,288,40,220,778,88,14,540,1360,.252,.323,.434,.757,94,2447,120,70,31,40,36,1119,Arizona Diamondbacks,.329,93,.293,.182,3.5%,21.5%,8.6%,88.1,37.5%,24.4%,43.0%,24.2%,0.78,29.8%,52.9%,17.3%,-1.8,-2.7%,38.0,32%,86%,44%,Arizona Diamondbacks,5.02,4419,831,5.0,111,.293,.252,.259,.323,.332,.434,.447,.757,.779,94,.507,-51.3,-5.1,.723,.291,.182,125.7,2019
97,65,.599,Atlanta Braves,50,28.0,5.28,162,6302,5560,855,1432,277,29,249,824,89,28,619,1467,.258,.336,.452,.789,98,2514,104,60,25,35,39,1138,Atlanta Braves,.342,98,.305,.195,4.0%,23.3%,9.8%,89.6,41.7%,27.4%,40.3%,25.0%,0.69,30.7%,50.5%,18.8%,7.1,6.5%,80.4,32%,76%,45%,Atlanta Braves,5.28,4320,898,5.6,115,.305,.258,.265,.336,.339,.452,.457,.789,.795,98,.553,-18.7,-2.0,.770,.317,.195,131.1,2019
54,108,.333,Baltimore Orioles,58,26.5,4.50,162,6189,5596,729,1379,252,25,213,698,84,30,462,1435,.246,.310,.415,.725,90,2320,111,71,22,37,8,1063,Baltimore Orioles,.316,90,.293,.168,3.4%,23.2%,7.5%,88.0,36.7%,24.4%,43.6%,22.7%,0.80,29.9%,53.1%,17.1%,-11.5,-2.3%,-80.7,30%,74%,40%,Baltimore Orioles,4.50,4417,737,4.5,107,.293,.246,.254,.310,.323,.415,.440,.725,.763,90,.447,-85.5,-8.2,.674,.260,.168,120.5,2019
84,78,.519,Boston Red Sox,47,27.3,5.56,162,6475,5770,901,1554,345,27,245,857,68,30,590,1382,.269,.340,.466,.806,106,2688,127,49,20,44,36,1170,Boston Red Sox,.347,107,.313,.197,3.8%,21.3%,9.1%,90.3,44.7%,24.7%,43.0%,24.9%,0.76,28.5%,52.8%,18.7%,1.3,1.1%,77.7,33%,69%,44%,Boston Red Sox,5.56,4437,941,5.7,112,.313,.269,.260,.340,.331,.466,.452,.806,.783,106,.557,50.4,4.5,.776,.305,.197,106.5,2019
84,78,.519,Chicago Cubs,52,27.7,5.02,162,6195,5461,814,1378,270,26,256,783,45,24,581,1460,.252,.331,.452,.783,102,2468,127,83,30,39,33,1071,Chicago Cubs,.337,101,.297,.200,4.1%,23.6%,9.4%,89.2,40.2%,24.6%,45.3%,22.3%,0.85,28.6%,52.9%,18.5%,1.7,1.2%,52.6,31%,65%,44%,Chicago Cubs,5.02,4303,848,5.3,110,.297,.252,.258,.331,.331,.452,.445,.783,.776,102,.528,13.2,1.0,.750,.310,.200,76.5,2019
72,89,.447,Chicago White Sox,47,27.6,4.40,161,6042,5529,708,1443,260,20,182,676,63,28,378,1549,.261,.314,.414,.728,93,2289,114,66,36,32,13,1071,Chicago White Sox,.318,94,.329,.153,3.0%,25.6%,6.3%,89.3,40.8%,25.9%,45.6%,20.8%,0.86,27.2%,52.9%,20.0%,-4.6,-0.3%,-70.2,30%,69%,40%,Chicago White Sox,4.40,4296,730,4.6,105,.329,.261,.252,.314,.321,.414,.436,.728,.757,93,.456,-59.3,-5.8,.661,.228,.153,93.6,2019
75,87,.463,Cincinnati Reds,47,27.8,4.33,162,6100,5450,701,1328,235,27,227,679,80,38,492,1436,.244,.315,.422,.736,85,2298,111,89,30,33,25,1073,Cincinnati Reds,.320,83,.288,.178,3.7%,23.5%,8.1%,87.6,35.8%,24.7%,41.5%,24.9%,0.73,28.7%,51.2%,20.1%,-13.3,-4.6%,-79.4,28%,68%,38%,Cincinnati Reds,4.33,4334,747,4.6,115,.288,.244,.265,.315,.339,.422,.457,.736,.795,85,.467,-134.0,-12.9,.693,.276,.178,118.3,2019
93,69,.574,Cleveland Indians,54,27.7,4.75,162,6124,5425,769,1354,286,18,223,731,103,35,563,1332,.250,.323,.432,.756,95,2345,110,50,40,46,30,1072,Cleveland Indians,.326,93,.289,.183,3.6%,21.8%,9.2%,89.6,41.0%,23.7%,42.3%,24.6%,0.76,31.5%,51.6%,17.0%,-2.5,-2.8%,-30.8,31%,75%,42%,Cleveland Indians,4.75,4302,787,4.9,110,.289,.250,.258,.323,.328,.432,.448,.756,.776,95,.489,-41.1,-4.1,.726,.299,.183,140.9,2019
71,91,.438,Colorado Rockies,50,28.2,5.15,162,6288,5660,835,1502,323,41,224,803,71,31,489,1503,.265,.326,.456,.782,89,2579,111,43,51,43,25,1075,Colorado Rockies,.337,86,.321,.190,3.6%,23.9%,7.8%,88.5,38.6%,26.2%,41.9%,23.4%,0.75,27.0%,53.4%,19.6%,-2.1,0.3%,10.3,34%,70%,46%,Colorado Rockies,5.15,4394,872,5.3,124,.321,.265,.275,.326,.351,.456,.475,.782,.826,89,.531,-109.0,-10.6,.740,.284,.190,107.8,2019
47,114,.292,Detroit Tigers,53,27.6,3.61,161,6039,5549,582,1333,292,41,149,556,57,20,391,1595,.240,.294,.388,.682,78,2154,108,48,9,42,14,1069,Detroit Tigers,.297,76,.308,.148,2.5%,26.4%,6.5%,88.4,39.4%,26.4%,41.7%,23.7%,0.73,27.4%,53.5%,19.1%,-21.5,-3.1%,-228.9,26%,74%,42%,Detroit Tigers,3.61,4395,644,3.9,107,.308,.240,.255,.294,.325,.388,.442,.682,.767,78,.39,-181.1,-17.3,.610,.225,.148,82.5,2019
107,55,.660,Houston Astros,45,29.0,5.68,162,6394,5613,920,1538,323,28,288,891,67,27,645,1166,.274,.352,.495,.848,119,2781,146,66,10,57,17,1168,Houston Astros,.360,119,.296,.221,4.5%,18.2%,10.1%,88.7,39.5%,25.6%,41.0%,24.2%,0.71,30.5%,53.1%,16.5%,6.6,3.1%,119.5,32%,71%,33%,Houston Astros,5.68,4315,1004,6.2,109,.296,.274,.257,.352,.327,.495,.446,.848,.773,119,.598,163.1,15.1,.838,.343,.221,108.7,2019
59,103,.364,Kansas City Royals,51,27.6,4.27,162,6080,5496,691,1356,281,40,162,655,117,39,456,1405,.247,.309,.401,.710,85,2203,113,59,24,42,17,1056,Kansas City Royals,.310,84,.301,.154,2.7%,23.1%,7.5%,88.1,36.3%,25.0%,43.8%,22.7%,0.80,28.6%,52.7%,18.7%,-12.4,-1.4%,-113.1,31%,75%,40%,Kansas City Royals,4.27,4358,705,4.3,108,.301,.247,.256,.309,.326,.401,.444,.710,.770,85,.433,-123.7,-11.9,.661,.251,.154,135.9,2019
72,90,.444,Los Angeles Angels,57,28.8,4.75,162,6251,5542,769,1368,268,21,220,734,65,20,586,1276,.247,.324,.422,.746,96,2338,143,67,4,42,29,1125,Los Angeles Angels,.324,96,.281,.175,3.5%,20.4%,9.4%,88.4,37.4%,25.1%,43.1%,23.4%,0.76,31.8%,51.1%,17.2%,-5.7,-0.8%,-32.3,30%,76%,37%,Los Angeles Angels,4.75,4383,794,4.9,107,.281,.247,.254,.324,.323,.422,.440,.746,.763,96,.485,-28.2,-3.0,.705,.289,.175,100.4,2019
106,56,.654,Los Angeles Dodgers,46,27.9,5.47,162,6282,5493,886,1414,302,20,279,861,57,10,607,1356,.257,.338,.472,.810,111,2593,100,81,55,45,47,1124,Los Angeles Dodgers,.347,111,.291,.215,4.4%,21.6%,9.7%,89.6,42.0%,25.3%,40.1%,25.7%,0.69,31.0%,51.6%,17.4%,11.9,5.2%,139.0,33%,85%,40%,Los Angeles Dodgers,5.47,4289,930,5.8,107,.291,.257,.254,.338,.327,.472,.439,.810,.766,111,.572,94.8,8.7,.797,.334,.215,94.7,2019
57,105,.352,Miami Marlins,50,28.4,3.80,162,6045,5512,615,1326,265,18,146,593,55,30,395,1469,.241,.298,.375,.673,77,2065,139,73,31,33,16,1034,Miami Marlins,.297,76,.300,.134,2.4%,24.3%,6.5%,88.5,38.3%,23.8%,48.1%,21.3%,0.95,24.1%,55.8%,20.1%,-17.5,-3.1%,-147.7,28%,65%,36%,Miami Marlins,3.80,4419,625,3.8,106,.300,.241,.253,.298,.326,.375,.437,.673,.763,77,.379,-182.1,-17.5,.594,.210,.134,79.9,2019
89,73,.549,Milwaukee Brewers,50,28.9,4.75,162,6309,5542,769,1366,279,17,250,744,101,25,629,1563,.246,.329,.438,.767,97,2429,120,72,20,38,42,1180,Milwaukee Brewers,.332,96,.296,.192,4.0%,24.8%,10.0%,90.1,43.5%,24.5%,43.4%,24.4%,0.78,27.5%,52.8%,19.6%,1.0,-0.9%,-4.0,28%,80%,39%,Milwaukee Brewers,4.75,4379,855,5.2,111,.296,.246,.259,.329,.332,.438,.447,.767,.779,97,.524,-23.0,-2.5,.748,.319,.192,143.9,2019
101,61,.623,Minnesota Twins,50,27.8,5.80,162,6392,5732,939,1547,318,23,307,906,28,21,525,1334,.270,.338,.494,.832,118,2832,101,81,10,41,21,1115,Minnesota Twins,.353,118,.300,.224,4.8%,20.9%,8.2%,90.2,43.3%,26.7%,38.4%,26.0%,0.63,31.6%,51.9%,16.5%,10.0,7.1%,147.8,34%,57%,40%,Minnesota Twins,5.80,4358,967,5.9,106,.300,.270,.253,.338,.322,.494,.438,.832,.760,118,.577,146.7,13.6,.805,.317,.224,51.3,2019
86,76,.531,New York Mets,53,27.9,4.88,162,6290,5624,791,1445,280,17,242,767,56,27,516,1384,.257,.328,.442,.770,105,2485,129,95,28,27,34,1128,New York Mets,.334,106,.299,.185,3.9%,22.0%,8.2%,89.3,41.0%,25.3%,44.5%,22.5%,0.83,27.3%,54.0%,18.7%,3.6,0.1%,45.9,30%,67%,38%,New York Mets,4.88,4390,840,5.1,104,.299,.257,.250,.328,.321,.442,.431,.770,.752,105,.515,46.5,4.2,.727,.282,.185,91.0,2019
103,59,.636,New York Yankees,54,28.3,5.82,162,6245,5583,943,1493,290,17,306,904,55,22,569,1437,.267,.339,.490,.829,118,2735,113,49,10,33,18,1039,New York Yankees,.352,118,.306,.222,4.9%,23.0%,9.1%,90.5,44.2%,25.4%,41.7%,24.9%,0.72,27.5%,54.1%,18.4%,13.6,8.4%,171.7,35%,71%,40%,New York Yankees,5.82,4268,944,5.9,105,.306,.267,.251,.339,.321,.490,.436,.829,.757,118,.575,146.1,13.6,.807,.330,.222,93.2,2019
97,65,.599,Oakland Athletics,49,27.8,5.22,162,6269,5561,845,1384,292,23,257,800,49,21,578,1338,.249,.327,.448,.776,108,2493,140,87,7,36,17,1081,Oakland Athletics,.335,110,.282,.199,4.1%,21.3%,9.2%,89.8,42.2%,24.9%,41.2%,25.4%,0.71,30.1%,52.1%,17.8%,7.0,5.9%,71.6,33%,70%,42%,Oakland Athletics,5.22,4381,830,5.1,101,.282,.249,.247,.327,.315,.448,.428,.776,.743,108,.505,79.4,7.3,.739,.308,.199,82.3,2019
81,81,.500,Philadelphia Phillies,56,27.7,4.78,162,6261,5571,774,1369,311,26,215,742,78,18,562,1453,.246,.319,.427,.746,92,2377,97,57,34,34,47,1129,Philadelphia Phillies,.324,90,.293,.181,3.4%,23.2%,9.0%,89.1,40.5%,24.8%,42.0%,22.9%,0.75,28.4%,53.4%,18.3%,-1.7,-0.1%,0.2,31%,81%,40%,Philadelphia Phillies,4.78,4385,799,4.9,111,.293,.246,.259,.319,.332,.427,.447,.746,.779,92,.492,-71.8,-7.0,.712,.293,.181,114.5,2019
69,93,.426,Pittsburgh Pirates,54,27.5,4.68,162,6228,5657,758,1497,315,38,163,722,64,29,425,1213,.265,.321,.420,.741,94,2377,119,63,47,34,41,1103,Pittsburgh Pirates,.323,94,.309,.156,2.6%,19.5%,6.8%,88.5,37.6%,25.5%,46.1%,20.7%,0.88,27.0%,53.1%,19.9%,-0.5,-0.3%,-4.1,32%,69%,42%,Pittsburgh Pirates,4.68,4389,782,4.8,107,.309,.265,.254,.321,.327,.420,.439,.741,.766,94,.482,-49.4,-4.9,.680,.237,.156,91.9,2019
70,92,.432,San Diego Padres,54,26.2,4.21,162,6019,5391,682,1281,224,24,219,652,70,37,504,1581,.238,.308,.410,.718,90,2210,120,55,37,31,19,1008,San Diego Padres,.312,89,.293,.172,3.6%,26.3%,8.4%,89.1,40.7%,22.4%,45.3%,22.4%,0.86,27.3%,54.7%,18.0%,-10.3,-2.7%,-62.4,28%,65%,45%,San Diego Padres,4.21,4335,697,4.3,105,.293,.238,.251,.308,.323,.410,.433,.718,.756,90,.436,-77.9,-7.6,.665,.272,.172,106.1,2019
68,94,.420,Seattle Mariners,67,27.8,4.68,162,6199,5500,758,1305,254,28,239,730,115,47,588,1581,.237,.316,.424,.740,99,2332,83,58,14,37,7,1080,Seattle Mariners,.321,100,.287,.187,3.9%,25.5%,9.5%,87.6,35.5%,24.9%,40.5%,25.5%,0.69,29.5%,51.5%,19.0%,-3.2,0.2%,-18.8,30%,71%,40%,Seattle Mariners,4.68,4376,766,4.7,101,.287,.237,.247,.316,.315,.424,.428,.740,.743,99,.469,1.8,0.0,.715,.306,.187,155.3,2019
77,85,.475,San Francisco Giants,64,29.9,4.19,162,6170,5579,678,1332,300,26,167,655,47,28,475,1435,.239,.302,.392,.694,83,2185,111,50,24,42,26,1069,San Francisco Giants,.304,83,.290,.153,2.7%,23.3%,7.7%,87.9,38.8%,25.6%,42.5%,23.7%,0.76,28.7%,52.2%,19.2%,-11.0,-4.0%,-84.6,30%,63%,41%,San Francisco Giants,4.19,4452,677,4.1,106,.290,.239,.252,.302,.324,.392,.435,.694,.759,83,.411,-131.8,-12.7,.629,.241,.153,73.4,2019
91,71,.562,St. Louis Cardinals,43,28.8,4.72,162,6167,5449,764,1336,246,24,210,714,116,29,561,1420,.245,.322,.415,.737,94,2260,110,76,40,39,15,1107,St. Louis Cardinals,.327,96,.292,.170,3.4%,23.0%,9.1%,87.9,37.5%,24.9%,40.8%,24.5%,0.71,28.1%,54.6%,17.3%,0.7,2.0%,19.9,31%,80%,43%,St. Louis Cardinals,4.72,4331,764,4.7,106,.292,.245,.253,.322,.326,.415,.437,.737,.763,94,.478,-43.7,-4.3,.709,.288,.170,149.4,2019
96,66,.593,Tampa Bay Rays,57,27.2,4.75,162,6285,5628,769,1427,291,29,217,730,94,37,542,1493,.254,.325,.431,.757,102,2427,114,73,8,34,20,1130,Tampa Bay Rays,.327,102,.306,.178,3.5%,23.8%,8.6%,89.8,42.1%,25.6%,44.5%,22.6%,0.81,28.3%,52.5%,19.3%,-2.1,-1.1%,-15.6,30%,72%,41%,Tampa Bay Rays,4.75,4394,810,4.9,103,.306,.254,.249,.325,.318,.431,.432,.757,.750,102,.493,23.8,2.1,.721,.284,.178,131.2,2019
78,84,.481,Texas Rangers,53,28.8,5.00,162,6204,5540,810,1374,296,24,223,765,131,38,534,1578,.248,.319,.431,.750,88,2387,98,67,17,44,18,1066,Texas Rangers,.328,88,.304,.183,3.6%,25.4%,8.6%,89.7,42.3%,25.6%,42.9%,23.1%,0.77,28.7%,52.7%,18.7%,-3.8,-1.1%,-21.4,33%,78%,41%,Texas Rangers,5.00,4363,799,4.9,116,.304,.248,.266,.319,.337,.431,.461,.750,.798,88,.49,-105.5,-10.2,.725,.296,.183,165.0,2019
67,95,.414,Toronto Blue Jays,61,25.9,4.48,162,6091,5493,726,1299,270,21,247,697,51,20,509,1514,.236,.305,.428,.733,94,2352,107,45,14,28,10,1003,Toronto Blue Jays,.316,93,.280,.192,4.1%,24.9%,8.4%,89.1,40.5%,24.4%,39.9%,25.9%,0.67,30.9%,52.8%,16.3%,-10.1,-3.3%,-65.6,29%,72%,38%,Toronto Blue Jays,4.48,4363,733,4.5,104,.280,.236,.250,.305,.319,.428,.434,.733,.753,94,.45,-48.6,-4.8,.684,.290,.192,84.5,2019
93,69,.574,Washington Nationals,50,28.8,5.39,162,6267,5512,873,1460,298,27,231,824,116,29,584,1308,.265,.342,.454,.796,104,2505,117,81,48,42,33,1114,Washington Nationals,.346,104,.306,.190,3.7%,20.9%,9.3%,88.7,41.0%,25.0%,40.4%,24.5%,0.71,29.6%,52.4%,18.0%,8.9,4.9%,113.5,34%,80%,41%,Washington Nationals,5.39,4288,907,5.7,112,.306,.265,.260,.342,.334,.454,.449,.796,.783,104,.56,33.1,2.8,.783,.311,.190,154.4,2019
52,110,.321,Arizona Diamondbacks,64,28.9,4.19,162,6144,5489,679,1297,308,31,144,644,43,16,537,1465,.236,.309,.382,.692,87,2099,99,54,32,28,24,1152,Arizona Diamondbacks,.308,85,.295,.146,2.3%,23.8%,8.7%,86.9,35.8%,23.6%,42.5%,25.0%,0.76,29.2%,52.3%,18.5%,-10.5,-1.1%,-68.2,30%,73%,43%,Arizona Diamondbacks,4.19,4367,685,4.1,102,.295,.236,.248,.309,.325,.382,.419,.692,.743,87,.455,-104.9,-10.4,.635,.249,.146,66.2,2021
88,73,.547,Atlanta Braves,56,28.2,4.91,161,6056,5363,790,1307,269,20,239,762,59,19,549,1453,.244,.319,.435,.754,98,2333,81,67,32,43,36,1072,Atlanta Braves,.330,96,.288,.191,4.0%,24.0%,9.1%,88.7,40.9%,24.1%,40.1%,27.9%,0.68,29.5%,54.3%,16.2%,0.2,1.2%,51.8,33%,76%,44%,Atlanta Braves,4.91,4231,801,5.0,106,.288,.244,.253,.319,.331,.435,.428,.754,.759,98,.541,-22.0,-2.5,.724,.301,.191,94.6,2021
52,110,.321,Baltimore Orioles,62,26.7,4.07,162,5983,5420,659,1296,266,15,195,632,54,23,451,1454,.239,.304,.402,.705,92,2177,105,65,14,31,12,1046,Baltimore Orioles,.308,90,.290,.163,3.3%,24.3%,7.5%,87.8,36.9%,23.9%,41.4%,25.6%,0.72,28.6%,53.1%,18.3%,-12.1,-2.6%,-94.3,28%,70%,39%,Baltimore Orioles,4.07,4297,678,4.2,99,.290,.239,.247,.304,.318,.402,.418,.705,.735,92,.461,-67.1,-6.8,.646,.251,.163,84.6,2021
92,70,.568,Boston Red Sox,56,28.0,5.12,162,6122,5495,829,1434,330,23,219,783,40,21,512,1386,.261,.328,.449,.777,106,2467,100,61,10,42,22,1093,Boston Red Sox,.337,105,.309,.188,3.6%,22.6%,8.4%,89.6,42.6%,25.0%,40.5%,26.4%,0.69,28.0%,52.8%,19.2%,6.3,5.2%,61.7,34%,66%,41%,Boston Red Sox,5.12,4234,835,5.2,104,.309,.261,.254,.328,.325,.449,.428,.777,.754,106,.563,43.3,4.1,.736,.285,.188,67.6,2021
71,91,.438,Chicago Cubs,69,29.1,4.35,162,5972,5306,705,1255,225,26,210,672,86,37,502,1596,.237,.312,.407,.719,93,2162,133,92,40,30,17,1019,Chicago Cubs,.320,93,.296,.171,3.5%,26.7%,8.4%,87.7,39.0%,21.7%,44.2%,25.7%,0.82,29.2%,53.5%,17.3%,-4.1,-4.3%,-26.3,30%,70%,40%,Chicago Cubs,4.35,4291,697,4.3,102,.296,.237,.248,.312,.325,.407,.418,.719,.743,93,.471,-57.0,-5.8,.673,.275,.171,122.0,2021
93,69,.574,Chicago White Sox,47,28.0,4.91,162,6084,5357,796,1373,275,22,190,757,57,20,586,1389,.256,.336,.422,.758,106,2262,139,78,24,39,10,1125,Chicago White Sox,.336,108,.310,.166,3.1%,22.8%,9.6%,88.6,39.9%,24.2%,45.9%,23.5%,0.86,27.2%,54.1%,18.7%,3.9,3.3%,57.7,32%,74%,44%,Chicago White Sox,4.91,4206,777,4.9,100,.310,.256,.248,.336,.319,.422,.419,.758,.738,106,.533,51.6,4.9,.720,.282,.166,87.7,2021
83,79,.512,Cincinnati Reds,55,28.9,4.85,162,6162,5423,786,1352,295,13,222,756,36,24,553,1425,.249,.328,.431,.759,95,2339,129,105,35,45,22,1110,Cincinnati Reds,.334,94,.296,.182,3.6%,23.1%,9.0%,87.6,38.2%,24.0%,41.8%,26.6%,0.74,30.1%,52.4%,17.5%,-4.2,-4.2%,9.4,31%,60%,35%,Cincinnati Reds,4.85,4304,800,4.9,111,.296,.249,.260,.328,.339,.431,.439,.759,.778,95,.532,-40.8,-4.3,.718,.286,.182,62.0,2021
80,82,.494,Cleveland Indians,48,26.7,4.43,162,5907,5332,717,1269,248,22,203,686,109,17,453,1387,.238,.303,.407,.710,94,2170,105,64,20,36,18,987,Cleveland Indians,.314,94,.282,.169,3.4%,23.5%,7.7%,88.2,38.9%,23.6%,43.4%,24.2%,0.78,28.4%,54.2%,17.4%,-4.2,-2.0%,-25.1,32%,87%,43%,Cleveland Indians,4.43,4241,683,4.2,98,.282,.238,.246,.303,.316,.407,.416,.710,.732,94,.47,-51.1,-5.2,.668,.271,.169,141.8,2021
74,87,.460,Colorado Rockies,45,28.1,4.59,161,6007,5374,739,1338,275,34,182,709,76,23,491,1356,.249,.317,.414,.731,86,2227,98,58,48,36,24,1074,Colorado Rockies,.323,82,.299,.165,3.0%,22.6%,8.2%,86.5,36.2%,22.7%,44.0%,25.3%,0.82,25.0%,56.0%,19.0%,-3.9,-1.2%,-35.7,32%,77%,45%,Colorado Rockies,4.59,4241,742,4.6,113,.299,.249,.263,.317,.343,.414,.444,.731,.786,86,.505,-122.7,-12.2,.686,.267,.165,107.2,2021
77,85,.475,Detroit Tigers,49,28.1,4.30,162,5979,5376,697,1299,236,37,179,675,88,25,490,1514,.242,.308,.399,.707,96,2146,113,44,17,50,8,1031,Detroit Tigers,.311,96,.300,.158,3.0%,25.3%,8.2%,87.9,38.2%,24.8%,41.5%,26.5%,0.72,29.1%,51.9%,19.0%,-7.0,-2.6%,-49.3,31%,78%,41%,Detroit Tigers,4.30,4282,679,4.2,96,.300,.242,.243,.308,.313,.399,.410,.707,.723,96,.463,-31.3,-3.2,.657,.260,.158,118.0,2021
95,67,.586,Houston Astros,52,28.9,5.33,162,6291,5593,863,1496,299,14,221,834,53,16,569,1222,.267,.339,.444,.783,113,2486,136,64,9,54,25,1159,Houston Astros,.341,113,.303,.177,3.5%,19.4%,9.0%,89.1,40.9%,25.2%,40.6%,26.6%,0.69,29.1%,54.2%,16.7%,4.6,4.2%,105.4,33%,77%,36%,Houston Astros,5.33,4312,864,5.3,99,.303,.267,.247,.339,.318,.444,.418,.783,.735,113,.57,108.7,10.5,.747,.285,.177,85.5,2021
74,88,.457,Kansas City Royals,48,29.3,4.23,162,5993,5427,686,1349,251,29,163,647,124,33,421,1258,.249,.306,.396,.702,90,2147,100,55,31,52,8,1050,Kansas City Royals,.310,88,.292,.147,2.7%,21.0%,7.0%,88.2,39.2%,22.9%,42.8%,26.3%,0.77,29.0%,54.7%,16.3%,-3.8,-1.7%,-71.5,31%,79%,39%,Kansas City Royals,4.23,4294,675,4.1,101,.292,.249,.249,.306,.320,.396,.421,.702,.741,90,.459,-84.6,-8.5,.652,.241,.147,140.9,2021
77,85,.475,Los Angeles Angels,64,29.2,4.46,162,6019,5437,723,1331,265,23,190,691,79,26,464,1394,.245,.310,.407,.717,93,2212,107,59,30,25,35,1029,Los Angeles Angels,.312,90,.294,.162,3.2%,23.2%,7.7%,87.0,35.4%,24.3%,42.7%,24.6%,0.77,28.6%,53.0%,18.4%,-4.5,-1.1%,-34.3,32%,75%,41%,Los Angeles Angels,4.46,4294,708,4.3,101,.294,.245,.249,.310,.320,.407,.421,.717,.741,93,.481,-58.1,-6.0,.664,.257,.162,111.6,2021
106,56,.654,Los Angeles Dodgers,61,29.2,5.12,162,6239,5445,830,1330,247,24,237,799,65,17,613,1408,.244,.330,.429,.759,101,2336,96,104,32,45,36,1169,Los Angeles Dodgers,.335,100,.284,.185,3.8%,22.6%,9.8%,88.9,40.4%,22.8%,40.0%,29.8%,0.68,29.9%,53.6%,16.6%,2.3,0.7%,72.3,33%,79%,39%,Los Angeles Dodgers,5.12,4305,837,5.1,105,.284,.244,.252,.330,.330,.429,.426,.759,.756,101,.553,3.7,0.0,.737,.306,.185,102.0,2021
67,95,.414,Miami Marlins,61,28.2,3.85,162,5929,5348,623,1244,226,23,158,594,106,29,450,1553,.233,.298,.372,.671,81,1990,95,65,30,30,25,1042,Miami Marlins,.300,78,.296,.139,2.7%,26.2%,7.6%,87.3,37.2%,22.9%,45.3%,23.5%,0.85,26.6%,54.7%,18.7%,-14.7,-4.5%,-115.6,28%,79%,41%,Miami Marlins,3.85,4288,630,3.9,102,.296,.233,.248,.298,.325,.372,.418,.671,.743,81,.425,-152.9,-15.2,.618,.238,.139,126.9,2021
95,67,.586,Milwaukee Brewers,61,28.7,4.56,162,6099,5362,738,1251,255,18,194,700,82,21,586,1465,.233,.317,.396,.713,92,2124,102,88,25,35,26,1113,Milwaukee Brewers,.319,92,.283,.163,3.2%,24.0%,9.6%,87.8,38.4%,23.0%,43.3%,25.8%,0.78,29.1%,53.4%,17.5%,-1.6,-0.7%,-1.1,31%,80%,42%,Milwaukee Brewers,4.56,4294,721,4.4,102,.283,.233,.248,.317,.325,.396,.418,.713,.743,92,.486,-57.1,-5.8,.680,.283,.163,115.3,2021
73,89,.451,Minnesota Twins,57,28.3,4.50,162,6078,5431,729,1311,271,17,228,690,54,15,525,1405,.241,.314,.423,.738,103,2300,122,70,7,42,17,1092,Minnesota Twins,.322,102,.282,.182,3.8%,23.1%,8.6%,89.5,41.6%,24.3%,42.4%,26.5%,0.74,31.5%,52.6%,15.9%,-5.0,-1.6%,-24.3,29%,78%,37%,Minnesota Twins,4.50,4306,746,4.6,97,.282,.241,.244,.314,.314,.423,.412,.738,.726,103,.504,23.1,2.1,.693,.286,.182,87.3,2021
77,85,.475,New York Mets,64,28.2,3.93,162,5856,5210,636,1243,228,18,176,604,54,26,495,1392,.239,.315,.391,.705,93,2035,123,94,34,23,25,1099,New York Mets,.315,94,.291,.152,3.0%,23.8%,8.5%,87.4,38.0%,23.1%,43.5%,25.2%,0.79,28.1%,53.7%,18.1%,-9.6,-7.0%,-65.7,28%,68%,37%,New York Mets,3.93,4173,663,4.2,99,.291,.239,.244,.315,.321,.391,.413,.705,.734,93,.461,-52.9,-5.4,.651,.252,.152,82.6,2021
92,70,.568,New York Yankees,59,29.3,4.39,162,6060,5331,711,1266,213,12,222,666,63,18,621,1482,.237,.322,.407,.729,100,2169,154,63,10,34,14,1097,New York Yankees,.321,100,.285,.169,3.7%,24.5%,10.3%,89.4,42.9%,23.2%,43.3%,25.5%,0.78,27.7%,53.7%,18.6%,1.1,1.4%,-41.0,28%,78%,36%,New York Yankees,4.39,4281,711,4.4,98,.285,.237,.246,.322,.316,.407,.416,.729,.732,100,.484,0.9,0.0,.688,.294,.169,98.1,2021
86,76,.531,Oakland Athletics,50,30.1,4.59,162,6104,5395,743,1284,271,19,199,698,88,20,545,1349,.238,.317,.406,.723,102,2190,99,98,17,49,17,1084,Oakland Athletics,.320,104,.278,.168,3.3%,22.1%,8.9%,88.6,39.7%,23.3%,41.0%,27.7%,0.70,29.8%,54.2%,16.1%,2.3,0.7%,10.0,31%,81%,46%,Oakland Athletics,4.59,4296,733,4.5,94,.278,.238,.240,.317,.310,.406,.406,.723,.716,102,.497,26.9,2.5,.691,.282,.168,122.0,2021
82,80,.506,Philadelphia Phillies,55,29.1,4.53,162,6089,5366,734,1288,262,24,198,700,77,19,564,1402,.240,.318,.408,.726,95,2192,103,67,47,43,37,1115,Philadelphia Phillies,.323,95,.286,.168,3.3%,23.0%,9.3%,87.0,37.1%,23.4%,43.8%,23.7%,0.82,28.0%,53.0%,19.0%,1.8,-1.0%,3.7,31%,80%,41%,Philadelphia Phillies,4.53,4290,749,4.6,102,.286,.240,.248,.318,.325,.408,.418,.726,.743,95,.504,-34.9,-3.8,.690,.284,.168,110.9,2021
61,101,.377,Pittsburgh Pirates,64,27.5,3.76,162,5983,5336,609,1261,240,35,124,570,60,30,529,1328,.236,.309,.364,.673,82,1943,102,49,31,37,24,1128,Pittsburgh Pirates,.301,80,.290,.128,2.1%,22.2%,8.8%,86.6,34.4%,24.2%,44.8%,23.4%,0.84,27.2%,55.7%,17.1%,-10.1,-3.4%,-118.4,28%,67%,36%,Pittsburgh Pirates,3.76,4275,643,4.0,102,.290,.236,.248,.309,.325,.364,.418,.673,.743,82,.436,-135.5,-13.6,.614,.233,.128,80.9,2021
79,83,.488,San Diego Padres,54,28.0,4.50,162,6119,5384,729,1305,273,21,180,695,110,39,586,1324,.242,.321,.401,.722,101,2160,121,61,36,46,42,1123,San Diego Padres,.320,101,.287,.159,2.9%,21.6%,9.6%,88.5,40.8%,24.0%,45.0%,22.0%,0.84,27.4%,55.4%,17.2%,-4.3,-2.0%,5.1,31%,74%,41%,San Diego Padres,4.50,4321,737,4.5,95,.287,.242,.240,.321,.316,.401,.405,.722,.720,101,.493,21.2,1.9,.688,.281,.159,136.6,2021
90,72,.556,Seattle Mariners,63,27.0,4.30,162,6010,5355,697,1209,233,11,199,673,64,24,535,1492,.226,.303,.385,.688,92,2061,92,72,9,36,8,1040,Seattle Mariners,.304,93,.273,.159,3.3%,24.8%,8.9%,87.5,37.3%,22.7%,41.7%,27.3%,0.72,29.1%,54.2%,16.7%,1.4,-0.1%,-43.4,31%,73%,34%,Seattle Mariners,4.30,4307,655,4.0,94,.273,.226,.240,.303,.310,.385,.406,.688,.716,92,.444,-49.3,-5.0,.641,.266,.159,96.9,2021
107,55,.660,San Francisco Giants,54,30.6,4.96,162,6196,5462,804,1360,271,25,241,768,66,14,602,1461,.249,.329,.440,.769,107,2404,117,64,36,30,45,1138,San Francisco Giants,.339,108,.295,.191,3.9%,23.6%,9.7%,87.8,38.9%,23.4%,39.5%,28.7%,0.67,30.2%,53.1%,16.7%,7.8,6.5%,64.0,31%,83%,38%,San Francisco Giants,4.96,4299,828,5.1,101,.295,.249,.247,.329,.324,.440,.417,.769,.740,107,.549,55.6,5.3,.741,.311,.191,103.6,2021
90,72,.556,St. Louis Cardinals,51,28.5,4.36,162,6001,5351,706,1303,261,22,198,678,89,22,478,1341,.244,.313,.412,.725,99,2202,99,86,40,44,32,1081,St. Louis Cardinals,.322,99,.287,.168,3.3%,22.4%,8.0%,87.8,37.5%,22.8%,40.5%,28.2%,0.70,29.5%,53.8%,16.7%,0.7,-1.5%,-1.2,30%,80%,43%,St. Louis Cardinals,4.36,4253,735,4.5,97,.287,.244,.242,.313,.318,.412,.409,.725,.727,99,.499,-3.7,-0.6,.685,.270,.168,122.8,2021
100,62,.617,Tampa Bay Rays,61,27.7,5.29,162,6213,5507,857,1336,288,36,222,810,88,42,585,1542,.243,.321,.429,.750,110,2362,75,72,6,41,27,1085,Tampa Bay Rays,.328,112,.294,.186,3.6%,24.8%,9.4%,88.6,40.0%,22.9%,42.4%,26.2%,0.74,29.4%,52.9%,17.7%,7.3,5.6%,113.1,35%,68%,47%,Tampa Bay Rays,5.29,4335,792,4.8,93,.294,.243,.239,.321,.309,.429,.404,.750,.713,110,.528,85.9,8.3,.725,.301,.186,126.0,2021
60,102,.370,Texas Rangers,54,26.8,3.86,162,5943,5405,625,1254,225,24,167,598,106,29,433,1381,.232,.294,.375,.670,83,2028,113,58,16,31,10,1007,Texas Rangers,.297,82,.280,.143,2.8%,23.2%,7.3%,87.3,35.8%,22.5%,46.3%,23.3%,0.88,27.1%,54.4%,18.5%,-17.1,-3.0%,-141.9,29%,79%,41%,Texas Rangers,3.86,4340,613,3.7,98,.280,.232,.246,.294,.316,.375,.416,.670,.732,83,.411,-131.9,-13.2,.611,.238,.143,129.7,2021
91,71,.562,Toronto Blue Jays,62,26.8,5.22,162,6070,5476,846,1455,285,13,262,816,81,20,496,1218,.266,.330,.466,.797,113,2552,112,51,10,35,14,1056,Toronto Blue Jays,.345,113,.296,.200,4.3%,20.1%,8.2%,90.0,42.6%,24.5%,40.5%,27.1%,0.69,28.7%,53.8%,17.6%,3.1,2.5%,96.8,33%,80%,41%,Toronto Blue Jays,5.22,4198,866,5.4,102,.296,.266,.250,.330,.322,.466,.423,.797,.745,113,.583,93.3,8.9,.766,.302,.200,123.7,2021
65,97,.401,Washington Nationals,60,28.7,4.47,162,6113,5385,724,1388,272,20,182,686,56,26,573,1303,.258,.337,.417,.754,107,2246,158,84,38,31,43,1185,Washington Nationals,.335,109,.307,.159,3.0%,21.3%,9.4%,87.6,39.4%,24.2%,47.0%,21.9%,0.92,26.4%,55.7%,17.9%,-1.9,-1.1%,13.5,29%,68%,36%,Washington Nationals,4.47,4250,779,4.8,98,.307,.258,.243,.337,.320,.417,.411,.754,.730,107,.526,62.1,5.7,.708,.271,.159,85.6,2021
74,88,.457,Arizona Diamondbacks,57,26.5,4.33,162,6027,5351,702,1232,262,24,173,658,104,29,531,1341,.230,.304,.385,.689,95,2061,97,60,31,50,14,1039,Arizona Diamondbacks,.309,95,.272,.155,2.9%,22.3%,8.8%,87.1,36.0%,21.8%,43.9%,25.7%,0.81,32.7%,50.4%,16.9%,-1.9,-1.0%,-8.4,32%,78%,49%,Arizona Diamondbacks,4.33,4326,659,4.0,91,.272,.230,.241,.304,.311,.385,.394,.689,.706,95,.468,-29.3,-3.1,.649,.268,.155,129.9,2022
101,61,.623,Atlanta Braves,53,27.5,4.87,162,6082,5509,789,1394,298,11,243,753,87,31,470,1498,.253,.317,.443,.761,109,2443,103,66,1,36,13,1030,Atlanta Braves,.334,108,.303,.190,4.0%,24.6%,7.7%,89.8,43.6%,23.0%,42.2%,27.6%,0.73,30.5%,52.9%,16.6%,6.4,3.7%,72.3,32%,74%,50%,Atlanta Braves,4.87,4286,794,4.9,96,.303,.253,.247,.317,.319,.443,.405,.761,.724,109,.557,60.5,6.0,.722,.286,.190,128.1,2022
83,79,.512,Baltimore Orioles,58,27.0,4.16,162,6049,5429,674,1281,275,25,171,639,95,31,476,1390,.236,.305,.390,.695,98,2119,95,83,12,43,10,1095,Baltimore Orioles,.313,99,.284,.154,2.8%,23.0%,7.9%,88.0,39.2%,24.2%,38.9%,26.3%,0.65,30.5%,52.0%,17.5%,-2.6,-1.8%,-23.3,30%,75%,45%,Baltimore Orioles,4.16,4329,670,4.1,90,.284,.236,.242,.305,.309,.390,.392,.695,.701,98,.489,-11.7,-1.3,.649,.254,.154,122.1,2022
78,84,.481,Boston Red Sox,54,28.8,4.54,162,6144,5539,735,1427,352,12,155,704,52,20,478,1373,.258,.321,.409,.731,102,2268,131,63,12,50,23,1133,Boston Red Sox,.325,101,.313,.152,2.5%,22.4%,7.8%,89.0,41.0%,25.3%,43.5%,24.1%,0.78,26.3%,54.2%,19.5%,-3.0,-2.1%,18.0,32%,72%,38%,Boston Red Sox,4.54,4325,744,4.6,97,.313,.258,.251,.321,.319,.409,.406,.731,.725,102,.537,15.4,1.4,.671,.244,.152,77.9,2022
74,88,.457,Chicago Cubs,64,27.9,4.06,162,6072,5425,657,1293,265,31,159,620,111,37,507,1448,.238,.311,.387,.698,96,2097,130,84,19,36,16,1100,Chicago Cubs,.314,97,.294,.148,2.6%,23.9%,8.4%,87.8,37.7%,23.2%,45.8%,23.6%,0.86,28.9%,51.3%,19.7%,-11.4,-2.3%,-76.8,29%,75%,44%,Chicago Cubs,4.06,4354,662,4.0,93,.294,.238,.243,.311,.314,.387,.398,.698,.712,96,.467,-26.2,-2.7,.651,.255,.148,130.7,2022
81,81,.500,Chicago White Sox,44,29.3,4.23,162,6123,5611,686,1435,272,9,149,654,58,10,388,1269,.256,.310,.387,.698,97,2172,127,73,16,35,9,1117,Chicago White Sox,.313,96,.304,.131,2.4%,20.7%,6.3%,88.9,41.0%,24.1%,45.3%,24.0%,0.84,27.1%,52.4%,20.6%,-2.3,-1.3%,-22.5,30%,85%,37%,Chicago White Sox,4.23,4364,682,4.2,93,.304,.256,.246,.310,.313,.387,.397,.698,.710,97,.493,-29.8,-3.2,.624,.209,.131,83.5,2022
62,100,.383,Cincinnati Reds,66,29.4,4.00,162,5978,5380,648,1264,235,18,156,618,58,33,452,1430,.235,.304,.372,.676,83,2003,127,92,12,33,6,1020,Cincinnati Reds,.302,80,.290,.137,2.6%,23.9%,7.6%,86.8,35.0%,23.7%,43.3%,24.8%,0.78,30.2%,51.3%,18.5%,-14.4,-2.0%,-98.8,29%,64%,39%,Cincinnati Reds,4.00,4321,625,3.8,101,.290,.235,.253,.304,.326,.372,.415,.676,.741,83,.444,-134.5,-13.8,.609,.226,.137,84.6,2022
92,70,.568,Cleveland Guardians,50,25.9,4.31,162,6163,5558,698,1410,273,31,127,662,119,27,450,1122,.254,.316,.383,.699,102,2126,119,81,22,52,36,1156,Cleveland Guardians,.313,100,.294,.129,2.1%,18.2%,7.3%,86.7,33.3%,24.7%,44.1%,22.6%,0.80,28.0%,52.6%,19.3%,0.8,0.1%,-0.4,31%,82%,43%,Cleveland Guardians,4.31,4368,703,4.3,89,.294,.254,.240,.316,.307,.383,.388,.699,.695,102,.507,15.7,1.4,.646,.226,.129,122.9,2022
68,94,.420,Colorado Rockies,43,29.1,4.31,162,6105,5540,698,1408,280,34,149,669,45,20,453,1330,.254,.315,.398,.713,90,2203,139,61,10,40,10,1113,Colorado Rockies,.318,88,.307,.144,2.4%,21.8%,7.4%,87.4,37.0%,24.5%,46.4%,23.3%,0.88,26.5%,54.2%,19.3%,-7.1,-0.4%,-61.0,30%,69%,43%,Colorado Rockies,4.31,4341,690,4.2,104,.307,.254,.258,.315,.331,.398,.422,.713,.753,90,.487,-85.3,-8.7,.644,.230,.144,69.1,2022
66,96,.407,Detroit Tigers,53,27.9,3.44,162,5870,5378,557,1240,235,27,110,530,47,24,380,1413,.231,.286,.346,.632,82,1859,108,58,10,44,8,1015,Detroit Tigers,.285,82,.290,.115,1.9%,24.1%,6.5%,87.3,36.7%,24.2%,44.5%,23.7%,0.81,28.8%,51.2%,20.0%,-9.7,-2.1%,-118.0,28%,66%,44%,Detroit Tigers,3.44,4324,537,3.3,89,.290,.231,.240,.286,.307,.346,.388,.632,.695,82,.39,-125.5,-13.0,.549,.190,.115,65.9,2022
106,56,.654,Houston Astros,45,29.3,4.55,162,6054,5409,737,1341,284,13,214,715,83,22,528,1179,.248,.319,.424,.743,110,2293,118,60,9,42,18,1068,Houston Astros,.329,108,.278,.176,3.5%,19.5%,8.7%,88.2,39.2%,23.8%,40.6%,28.3%,0.69,30.0%,53.3%,16.7%,4.9,2.6%,55.8,30%,79%,37%,Houston Astros,4.55,4259,766,4.8,92,.278,.248,.245,.319,.312,.424,.395,.743,.707,110,.557,70.0,6.8,.704,.285,.176,119.6,2022
65,97,.401,Kansas City Royals,55,27.1,3.95,162,6010,5437,640,1327,247,38,138,613,104,34,460,1287,.244,.306,.380,.686,93,2064,101,48,20,44,7,1091,Kansas City Royals,.308,93,.293,.136,2.3%,21.4%,7.7%,88.1,37.9%,23.8%,41.4%,27.2%,0.72,29.6%,52.0%,18.3%,-8.2,-2.3%,-54.1,29%,75%,46%,Kansas City Royals,3.95,4309,654,4.0,93,.293,.244,.246,.306,.313,.380,.397,.686,.710,93,.48,-51.4,-5.4,.630,.233,.136,118.6,2022
73,89,.451,Los Angeles Angels,66,27.9,3.85,162,5977,5423,623,1265,219,31,190,600,77,27,449,1539,.233,.297,.390,.687,92,2116,95,54,25,25,28,1050,Los Angeles Angels,.305,90,.289,.157,3.2%,25.8%,7.5%,87.3,35.9%,23.2%,40.4%,27.4%,0.70,29.0%,53.0%,18.0%,-11.2,-1.0%,-78.5,27%,74%,41%,Los Angeles Angels,3.85,4330,666,4.1,93,.289,.233,.247,.297,.314,.390,.399,.687,.713,92,.486,-67.0,-7.2,.630,.249,.157,109.6,2022
111,51,.685,Los Angeles Dodgers,51,29.6,5.23,162,6247,5526,847,1418,325,31,212,812,98,18,607,1374,.257,.333,.442,.775,114,2441,85,56,3,53,22,1159,Los Angeles Dodgers,.344,113,.302,.185,3.4%,22.0%,9.7%,89.3,42.0%,24.9%,37.1%,31.6%,0.59,32.0%,50.5%,17.5%,11.0,4.0%,119.9,34%,84%,40%,Los Angeles Dodgers,5.23,4267,864,5.4,96,.302,.257,.247,.333,.319,.442,.405,.775,.724,114,.597,107.3,10.6,.760,.309,.185,134.0,2022
69,93,.426,Miami Marlins,56,28.9,3.62,162,5949,5395,586,1241,248,20,144,554,122,29,436,1429,.230,.294,.363,.658,86,1961,120,70,4,36,6,1045,Miami Marlins,.299,86,.284,.133,2.4%,24.0%,7.3%,87.9,37.4%,23.6%,44.5%,25.5%,0.81,27.3%,53.4%,19.3%,-12.4,-2.4%,-130.2,27%,81%,38%,Miami Marlins,3.62,4343,590,3.6,92,.284,.230,.242,.294,.313,.363,.396,.658,.709,86,.416,-104.1,-10.7,.602,.232,.133,132.1,2022
86,76,.531,Milwaukee Brewers,51,29.1,4.48,162,6122,5417,725,1271,251,17,219,703,96,30,577,1464,.235,.315,.409,.724,105,2213,117,80,11,37,25,1102,Milwaukee Brewers,.322,105,.279,.174,3.6%,23.9%,9.4%,88.7,39.9%,22.7%,42.0%,27.9%,0.73,30.2%,52.7%,17.1%,1.4,-0.6%,9.0,29%,76%,40%,Milwaukee Brewers,4.48,4341,718,4.4,91,.279,.235,.241,.315,.311,.409,.394,.724,.706,105,.506,38.6,3.8,.691,.293,.174,133.5,2022
78,84,.481,Minnesota Twins,61,26.9,4.30,162,6113,5476,696,1356,269,18,178,668,38,17,518,1353,.248,.317,.401,.718,105,2195,133,62,10,46,11,1126,Minnesota Twins,.321,106,.295,.153,2.9%,22.1%,8.5%,89.3,41.2%,24.4%,41.8%,27.5%,0.72,30.2%,51.8%,18.0%,-3.6,-0.1%,10.3,29%,69%,40%,Minnesota Twins,4.30,4326,710,4.4,90,.295,.248,.243,.317,.309,.401,.392,.718,.701,105,.516,38.1,3.8,.659,.252,.153,62.6,2022
101,61,.623,New York Mets,61,29.7,4.77,162,6176,5489,772,1422,272,27,171,735,62,22,510,1217,.259,.332,.412,.744,112,2261,122,112,20,44,25,1158,New York Mets,.331,112,.302,.153,2.8%,19.7%,8.3%,87.7,37.2%,24.2%,43.9%,24.6%,0.80,28.8%,52.3%,18.9%,7.2,4.3%,82.7,31%,74%,38%,New York Mets,4.77,4275,777,4.8,91,.302,.259,.240,.332,.310,.412,.393,.744,.703,112,.549,95.4,9.4,.699,.253,.153,91.0,2022
99,63,.611,New York Yankees,54,30.2,4.98,162,6172,5422,807,1308,225,8,254,764,102,33,620,1391,.241,.325,.426,.751,113,2311,121,70,14,41,36,1093,New York Yankees,.335,114,.276,.185,4.1%,22.5%,10.1%,89.3,42.0%,23.2%,41.2%,27.4%,0.71,29.2%,52.0%,18.9%,4.8,3.2%,108.5,31%,76%,38%,New York Yankees,4.98,4323,789,4.9,91,.276,.241,.244,.325,.311,.426,.394,.751,.704,113,.564,94.9,9.3,.727,.312,.185,145.6,2022
60,102,.370,Oakland Athletics,64,28.3,3.51,162,5863,5314,568,1147,249,15,137,537,78,23,433,1389,.216,.281,.346,.626,84,1837,109,59,22,33,7,969,Oakland Athletics,.283,83,.264,.130,2.3%,23.7%,7.4%,86.9,34.3%,22.9%,44.4%,24.4%,0.82,29.4%,51.4%,19.2%,-12.6,-2.4%,-109.3,28%,77%,44%,Oakland Athletics,3.51,4354,533,3.3,85,.264,.216,.236,.281,.302,.346,.381,.626,.683,84,.384,-105.9,-11.0,.560,.222,.130,99.4,2022
87,75,.537,Philadelphia Phillies,56,28.1,4.61,162,6077,5496,747,1392,255,29,205,719,105,28,478,1363,.253,.317,.422,.739,108,2320,116,52,6,44,15,1075,Philadelphia Phillies,.329,108,.299,.169,3.4%,22.4%,7.9%,88.9,41.3%,23.7%,42.8%,25.7%,0.76,28.2%,51.7%,20.2%,3.4,0.7%,41.6,31%,79%,39%,Philadelphia Phillies,4.61,4298,749,4.6,92,.299,.253,.242,.317,.312,.422,.396,.739,.709,108,.529,52.5,5.2,.696,.270,.169,138.9,2022
62,100,.383,Pittsburgh Pirates,68,26.3,3.65,162,5912,5331,591,1186,221,29,158,555,89,32,476,1497,.222,.291,.364,.655,85,1939,96,54,19,32,14,1016,Pittsburgh Pirates,.295,84,.277,.141,2.7%,25.3%,8.1%,87.6,37.5%,23.1%,44.0%,25.1%,0.80,30.5%,52.0%,17.6%,-11.4,-2.0%,-119.9,27%,74%,42%,Pittsburgh Pirates,3.65,4324,588,3.6,92,.277,.222,.242,.291,.313,.364,.396,.655,.709,85,.417,-112.0,-11.5,.599,.241,.141,113.9,2022
89,73,.549,San Diego Padres,55,28.2,4.35,162,6175,5468,705,1317,275,18,153,682,49,22,574,1327,.241,.318,.382,.700,102,2087,95,65,17,46,24,1174,San Diego Padres,.314,104,.289,.141,2.5%,21.5%,9.3%,87.8,37.9%,23.5%,42.6%,25.5%,0.76,30.4%,50.9%,18.7%,-1.0,0.5%,11.9,30%,69%,44%,San Diego Padres,4.35,4331,701,4.3,88,.289,.241,.236,.318,.306,.382,.387,.700,.693,102,.496,32.0,3.1,.650,.251,.141,74.2,2022
90,72,.556,Seattle Mariners,59,27.5,4.26,162,6117,5375,690,1236,229,19,197,663,83,27,596,1397,.230,.315,.390,.704,105,2094,120,89,9,45,17,1129,Seattle Mariners,.317,106,.272,.160,3.2%,22.8%,9.7%,87.9,36.9%,23.2%,40.2%,27.7%,0.68,30.2%,52.4%,17.5%,1.2,-0.6%,16.8,28%,75%,38%,Seattle Mariners,4.26,4340,686,4.2,87,.272,.230,.238,.315,.304,.390,.385,.704,.689,105,.499,43.5,4.3,.668,.281,.160,116.8,2022
81,81,.500,San Francisco Giants,66,30.0,4.42,162,6117,5392,716,1261,255,18,183,683,64,16,571,1462,.234,.315,.390,.705,99,2101,109,95,6,53,14,1115,San Francisco Giants,.316,99,.284,.156,3.0%,23.9%,9.3%,87.6,37.8%,22.7%,39.9%,28.4%,0.68,30.9%,50.9%,18.2%,-2.0,-1.2%,1.2,30%,80%,36%,San Francisco Giants,4.42,4315,695,4.3,92,.284,.234,.242,.315,.312,.390,.396,.705,.709,99,.493,2.3,0.2,.665,.271,.156,94.8,2022
93,69,.574,St. Louis Cardinals,51,28.8,4.77,162,6165,5496,772,1386,290,21,197,739,95,25,537,1226,.252,.325,.420,.745,112,2309,112,80,5,45,11,1132,St. Louis Cardinals,.332,113,.289,.168,3.2%,19.9%,8.7%,87.9,37.5%,23.3%,41.4%,26.3%,0.71,30.4%,51.9%,17.6%,2.4,0.6%,77.9,31%,79%,46%,St. Louis Cardinals,4.77,4297,787,4.9,91,.289,.252,.240,.325,.310,.420,.393,.745,.703,112,.552,93.1,9.1,.711,.278,.168,128.2,2022
86,76,.531,Tampa Bay Rays,61,27.0,4.11,162,6008,5412,666,1294,296,17,139,634,95,37,500,1395,.239,.309,.377,.686,100,2041,93,57,7,31,13,1074,Tampa Bay Rays,.307,100,.295,.138,2.3%,23.2%,8.3%,88.6,38.9%,24.4%,44.1%,23.0%,0.80,29.1%,51.8%,19.2%,-4.6,-1.7%,-17.9,30%,72%,47%,Tampa Bay Rays,4.11,4286,652,4.0,86,.295,.239,.237,.309,.303,.377,.383,.686,.686,100,.481,11.5,1.0,.634,.241,.138,112.9,2022
68,94,.420,Texas Rangers,55,28.0,4.36,162,6029,5478,707,1308,224,20,198,670,128,41,456,1446,.239,.301,.395,.696,98,2166,82,47,10,38,12,1007,Texas Rangers,.311,98,.287,.157,3.3%,24.0%,7.6%,88.5,39.5%,23.1%,40.5%,27.1%,0.70,31.0%,51.8%,17.2%,-3.3,-0.2%,9.6,31%,76%,44%,Texas Rangers,4.36,4341,675,4.1,90,.287,.239,.242,.301,.309,.395,.392,.696,.701,98,.491,-20.3,-2.2,.652,.256,.157,155.5,2022
92,70,.568,Toronto Blue Jays,51,27.1,4.78,162,6158,5555,775,1464,307,12,200,756,67,35,500,1242,.264,.329,.431,.760,118,2395,136,55,8,33,13,1111,Toronto Blue Jays,.336,119,.305,.168,3.3%,20.2%,8.1%,90.0,44.5%,23.6%,45.6%,23.0%,0.85,28.2%,52.1%,19.6%,6.9,4.0%,88.2,31%,66%,41%,Toronto Blue Jays,4.78,4303,781,4.8,89,.305,.264,.240,.329,.307,.431,.388,.760,.695,118,.562,134.0,13.6,.708,.263,.168,100.4,2022
55,107,.340,Washington Nationals,55,28.7,3.72,162,5998,5434,603,1351,252,20,136,579,75,31,442,1221,.249,.310,.377,.688,99,2051,141,60,20,37,12,1099,Washington Nationals,.308,99,.295,.129,2.3%,20.4%,7.4%,86.7,35.7%,24.0%,45.7%,22.1%,0.87,30.1%,51.3%,18.6%,-9.6,-1.2%,-90.4,27%,71%,37%,Washington Nationals,3.72,4312,642,4.0,88,.295,.249,.236,.310,.306,.377,.387,.688,.693,99,.458,-4.0,-0.6,.618,.218,.129,96.7,2022
